This is pdfTeX, Version 3.141592653-2.6-1.40.28 (TeX Live 2025) (preloaded format=pdflatex 2025.12.5)  23 MAY 2026 04:18
entering extended mode
 \write18 enabled.
 %&-line parsing enabled.
**Report.tex
(./Report.tex
LaTeX2e <2025-11-01>
L3 programming layer <2025-11-14>
(c:/texlive/2025/texmf-dist/tex/latex/base/article.cls
Document Class: article 2025/01/22 v1.4n Standard LaTeX document class
(c:/texlive/2025/texmf-dist/tex/latex/base/size10.clo
File: size10.clo 2025/01/22 v1.4n Standard LaTeX file (size option)
)
\c@part=\count275
\c@section=\count276
\c@subsection=\count277
\c@subsubsection=\count278
\c@paragraph=\count279
\c@subparagraph=\count280
\c@figure=\count281
\c@table=\count282
\abovecaptionskip=\skip49
\belowcaptionskip=\skip50
\bibindent=\dimen148
)
(c:/texlive/2025/texmf-dist/tex/latex/vntex/vietnam.sty
Package: vietnam 2009/07/12 v1.3 support for Vietnamese

(c:/texlive/2025/texmf-dist/tex/latex/base/ifthen.sty
Package: ifthen 2024/03/16 v1.1e Standard LaTeX ifthen package (DPC)
)
(c:/texlive/2025/texmf-dist/tex/latex/base/fontenc.sty
Package: fontenc 2025/07/18 v2.1d Standard LaTeX package

(c:/texlive/2025/texmf-dist/tex/latex/vntex/t5enc.def
File: t5enc.def 2006/11/21 v1.4 Vietnamese T5 encoding
Now handling font encoding T5 ...
... processing UTF-8 mapping file for font encoding T5

(c:/texlive/2025/texmf-dist/tex/latex/vntex/t5enc.dfu
File: t5enc.dfu 2006/08/19 v1.1 UTF8 support for Vietnamese
   defining Unicode char U+00AB (decimal 171)
   defining Unicode char U+00BB (decimal 187)
   defining Unicode char U+00C0 (decimal 192)
   defining Unicode char U+00C1 (decimal 193)
   defining Unicode char U+00C2 (decimal 194)
   defining Unicode char U+00C3 (decimal 195)
   defining Unicode char U+00C8 (decimal 200)
   defining Unicode char U+00C9 (decimal 201)
   defining Unicode char U+00CA (decimal 202)
   defining Unicode char U+00CC (decimal 204)
   defining Unicode char U+00CD (decimal 205)
   defining Unicode char U+00D2 (decimal 210)
   defining Unicode char U+00D3 (decimal 211)
   defining Unicode char U+00D4 (decimal 212)
   defining Unicode char U+00D5 (decimal 213)
   defining Unicode char U+00D9 (decimal 217)
   defining Unicode char U+00DA (decimal 218)
   defining Unicode char U+00DD (decimal 221)
   defining Unicode char U+00E0 (decimal 224)
   defining Unicode char U+00E1 (decimal 225)
   defining Unicode char U+00E2 (decimal 226)
   defining Unicode char U+00E3 (decimal 227)
   defining Unicode char U+00E8 (decimal 232)
   defining Unicode char U+00E9 (decimal 233)
   defining Unicode char U+00EA (decimal 234)
   defining Unicode char U+00EC (decimal 236)
   defining Unicode char U+00ED (decimal 237)
   defining Unicode char U+00F2 (decimal 242)
   defining Unicode char U+00F3 (decimal 243)
   defining Unicode char U+00F4 (decimal 244)
   defining Unicode char U+00F5 (decimal 245)
   defining Unicode char U+00F9 (decimal 249)
   defining Unicode char U+00FA (decimal 250)
   defining Unicode char U+00FD (decimal 253)
   defining Unicode char U+0102 (decimal 258)
   defining Unicode char U+0103 (decimal 259)
   defining Unicode char U+0110 (decimal 272)
   defining Unicode char U+0111 (decimal 273)
   defining Unicode char U+0128 (decimal 296)
   defining Unicode char U+0129 (decimal 297)
   defining Unicode char U+0131 (decimal 305)
   defining Unicode char U+0168 (decimal 360)
   defining Unicode char U+0169 (decimal 361)
   defining Unicode char U+01A0 (decimal 416)
   defining Unicode char U+01A1 (decimal 417)
   defining Unicode char U+01AF (decimal 431)
   defining Unicode char U+01B0 (decimal 432)
   defining Unicode char U+1EA0 (decimal 7840)
   defining Unicode char U+1EA1 (decimal 7841)
   defining Unicode char U+1EA2 (decimal 7842)
   defining Unicode char U+1EA3 (decimal 7843)
   defining Unicode char U+1EA4 (decimal 7844)
   defining Unicode char U+1EA5 (decimal 7845)
   defining Unicode char U+1EA6 (decimal 7846)
   defining Unicode char U+1EA7 (decimal 7847)
   defining Unicode char U+1EA8 (decimal 7848)
   defining Unicode char U+1EA9 (decimal 7849)
   defining Unicode char U+1EAA (decimal 7850)
   defining Unicode char U+1EAB (decimal 7851)
   defining Unicode char U+1EAC (decimal 7852)
   defining Unicode char U+1EAD (decimal 7853)
   defining Unicode char U+1EAE (decimal 7854)
   defining Unicode char U+1EAF (decimal 7855)
   defining Unicode char U+1EB0 (decimal 7856)
   defining Unicode char U+1EB1 (decimal 7857)
   defining Unicode char U+1EB2 (decimal 7858)
   defining Unicode char U+1EB3 (decimal 7859)
   defining Unicode char U+1EB4 (decimal 7860)
   defining Unicode char U+1EB5 (decimal 7861)
   defining Unicode char U+1EB6 (decimal 7862)
   defining Unicode char U+1EB7 (decimal 7863)
   defining Unicode char U+1EB8 (decimal 7864)
   defining Unicode char U+1EB9 (decimal 7865)
   defining Unicode char U+1EBA (decimal 7866)
   defining Unicode char U+1EBB (decimal 7867)
   defining Unicode char U+1EBC (decimal 7868)
   defining Unicode char U+1EBD (decimal 7869)
   defining Unicode char U+1EBE (decimal 7870)
   defining Unicode char U+1EBF (decimal 7871)
   defining Unicode char U+1EC0 (decimal 7872)
   defining Unicode char U+1EC1 (decimal 7873)
   defining Unicode char U+1EC2 (decimal 7874)
   defining Unicode char U+1EC3 (decimal 7875)
   defining Unicode char U+1EC4 (decimal 7876)
   defining Unicode char U+1EC5 (decimal 7877)
   defining Unicode char U+1EC6 (decimal 7878)
   defining Unicode char U+1EC7 (decimal 7879)
   defining Unicode char U+1EC8 (decimal 7880)
   defining Unicode char U+1EC9 (decimal 7881)
   defining Unicode char U+1ECA (decimal 7882)
   defining Unicode char U+1ECB (decimal 7883)
   defining Unicode char U+1ECC (decimal 7884)
   defining Unicode char U+1ECD (decimal 7885)
   defining Unicode char U+1ECE (decimal 7886)
   defining Unicode char U+1ECF (decimal 7887)
   defining Unicode char U+1ED0 (decimal 7888)
   defining Unicode char U+1ED1 (decimal 7889)
   defining Unicode char U+1ED2 (decimal 7890)
   defining Unicode char U+1ED3 (decimal 7891)
   defining Unicode char U+1ED4 (decimal 7892)
   defining Unicode char U+1ED5 (decimal 7893)
   defining Unicode char U+1ED6 (decimal 7894)
   defining Unicode char U+1ED7 (decimal 7895)
   defining Unicode char U+1ED8 (decimal 7896)
   defining Unicode char U+1ED9 (decimal 7897)
   defining Unicode char U+1EDA (decimal 7898)
   defining Unicode char U+1EDB (decimal 7899)
   defining Unicode char U+1EDC (decimal 7900)
   defining Unicode char U+1EDD (decimal 7901)
   defining Unicode char U+1EDE (decimal 7902)
   defining Unicode char U+1EDF (decimal 7903)
   defining Unicode char U+1EE0 (decimal 7904)
   defining Unicode char U+1EE1 (decimal 7905)
   defining Unicode char U+1EE2 (decimal 7906)
   defining Unicode char U+1EE3 (decimal 7907)
   defining Unicode char U+1EE4 (decimal 7908)
   defining Unicode char U+1EE5 (decimal 7909)
   defining Unicode char U+1EE6 (decimal 7910)
   defining Unicode char U+1EE7 (decimal 7911)
   defining Unicode char U+1EE8 (decimal 7912)
   defining Unicode char U+1EE9 (decimal 7913)
   defining Unicode char U+1EEA (decimal 7914)
   defining Unicode char U+1EEB (decimal 7915)
   defining Unicode char U+1EEC (decimal 7916)
   defining Unicode char U+1EED (decimal 7917)
   defining Unicode char U+1EEE (decimal 7918)
   defining Unicode char U+1EEF (decimal 7919)
   defining Unicode char U+1EF0 (decimal 7920)
   defining Unicode char U+1EF1 (decimal 7921)
   defining Unicode char U+1EF2 (decimal 7922)
   defining Unicode char U+1EF3 (decimal 7923)
   defining Unicode char U+1EF4 (decimal 7924)
   defining Unicode char U+1EF5 (decimal 7925)
   defining Unicode char U+1EF6 (decimal 7926)
   defining Unicode char U+1EF7 (decimal 7927)
   defining Unicode char U+1EF8 (decimal 7928)
   defining Unicode char U+1EF9 (decimal 7929)
   defining Unicode char U+200C (decimal 8204)
   defining Unicode char U+2013 (decimal 8211)
   defining Unicode char U+2014 (decimal 8212)
   defining Unicode char U+2018 (decimal 8216)
   defining Unicode char U+2019 (decimal 8217)
   defining Unicode char U+201A (decimal 8218)
   defining Unicode char U+201C (decimal 8220)
   defining Unicode char U+201D (decimal 8221)
   defining Unicode char U+201E (decimal 8222)
   defining Unicode char U+2030 (decimal 8240)
   defining Unicode char U+2031 (decimal 8241)
   defining Unicode char U+2039 (decimal 8249)
   defining Unicode char U+203A (decimal 8250)
   defining Unicode char U+2423 (decimal 9251)
))
LaTeX Font Info:    Trying to load font information for T5+cmr on input line 11
6.

(c:/texlive/2025/texmf-dist/tex/latex/vntex/t5cmr.fd
File: t5cmr.fd 1999/05/25 v2.5h Standard LaTeX font definitions
))
(c:/texlive/2025/texmf-dist/tex/latex/base/inputenc.sty
Package: inputenc 2024/02/08 v1.3d Input encoding file
\inpenc@prehook=\toks17
\inpenc@posthook=\toks18
)
(c:/texlive/2025/texmf-dist/tex/latex/vntex/vncaps.tex
File: vncaps.tex 2006/06/07 v1.1 Captions in Vietnamese
))
(c:/texlive/2025/texmf-dist/tex/latex/amsfonts/amssymb.sty
Package: amssymb 2013/01/14 v3.01 AMS font symbols

(c:/texlive/2025/texmf-dist/tex/latex/amsfonts/amsfonts.sty
Package: amsfonts 2013/01/14 v3.01 Basic AMSFonts support
\@emptytoks=\toks19
\symAMSa=\mathgroup4
\symAMSb=\mathgroup5
LaTeX Font Info:    Redeclaring math symbol \hbar on input line 98.
LaTeX Font Info:    Overwriting math alphabet `\mathfrak' in version `bold'
(Font)                  U/euf/m/n --> U/euf/b/n on input line 106.
))
(c:/texlive/2025/texmf-dist/tex/latex/gensymb/gensymb.sty
Package: gensymb 2022/10/17 v1.0.2 (KJH)
)
(c:/texlive/2025/texmf-dist/tex/latex/base/textcomp.sty
Package: textcomp 2024/04/24 v2.1b Standard LaTeX package
)
(c:/texlive/2025/texmf-dist/tex/latex/tools/array.sty
Package: array 2025/09/25 v2.6n Tabular extension package (FMi)
\col@sep=\dimen149
\ar@mcellbox=\box53
\extrarowheight=\dimen150
\NC@list=\toks20
\extratabsurround=\skip51
\backup@length=\skip52
\ar@cellbox=\box54
)
(c:/texlive/2025/texmf-dist/tex/latex/tools/multicol.sty
Package: multicol 2025/10/21 v2.0b multicolumn formatting (FMi)
\c@tracingmulticols=\count283
\mult@box=\box55
\multicol@leftmargin=\dimen151
\c@unbalance=\count284
\c@collectmore=\count285
\doublecol@number=\count286
\multicoltolerance=\count287
\multicolpretolerance=\count288
\full@width=\dimen152
\page@free=\dimen153
\premulticols=\dimen154
\postmulticols=\dimen155
\multicolsep=\skip53
\multicolbaselineskip=\skip54
\partial@page=\box56
\last@line=\box57
\mc@boxedresult=\box58
\maxbalancingoverflow=\dimen156
\mult@rightbox=\box59
\mult@grightbox=\box60
\mult@firstbox=\box61
\mult@gfirstbox=\box62
\@tempa=\box63
\@tempa=\box64
\@tempa=\box65
\@tempa=\box66
\@tempa=\box67
\@tempa=\box68
\@tempa=\box69
\@tempa=\box70
\@tempa=\box71
\@tempa=\box72
\@tempa=\box73
\@tempa=\box74
\@tempa=\box75
\@tempa=\box76
\@tempa=\box77
\@tempa=\box78
\@tempa=\box79
\@tempa=\box80
\@tempa=\box81
\@tempa=\box82
\@tempa=\box83
\@tempa=\box84
\@tempa=\box85
\@tempa=\box86
\@tempa=\box87
\@tempa=\box88
\@tempa=\box89
\@tempa=\box90
\@tempa=\box91
\@tempa=\box92
\@tempa=\box93
\@tempa=\box94
\@tempa=\box95
\@tempa=\box96
\@tempa=\box97
\@tempa=\box98
\c@minrows=\count289
\c@columnbadness=\count290
\c@finalcolumnbadness=\count291
\last@try=\dimen157
\multicolovershoot=\dimen158
\multicolundershoot=\dimen159
\mult@nat@firstbox=\box99
\colbreak@box=\box100
\mc@col@check@num=\count292
\g__mc_curr_col_int=\count293
)
(c:/texlive/2025/texmf-dist/tex/latex/multirow/multirow.sty
Package: multirow 2024/11/12 v2.9 Span multiple rows of a table
\multirow@colwidth=\skip55
\multirow@cntb=\count294
\multirow@dima=\skip56
\bigstrutjot=\dimen160
)
(c:/texlive/2025/texmf-dist/tex/latex/siunitx/siunitx.sty
Package: siunitx 2025-07-09 v3.4.14 A comprehensive (SI) units package
\l__siunitx_number_uncert_offset_int=\count295
\l__siunitx_number_exponent_fixed_int=\count296
\l__siunitx_number_min_decimal_int=\count297
\l__siunitx_number_min_integer_int=\count298
\l__siunitx_number_round_precision_int=\count299
\l__siunitx_number_lower_threshold_int=\count300
\l__siunitx_number_upper_threshold_int=\count301
\l__siunitx_number_group_first_int=\count302
\l__siunitx_number_group_size_int=\count303
\l__siunitx_number_group_minimum_int=\count304
\l__siunitx_angle_tmp_dim=\dimen161
\l__siunitx_angle_marker_box=\box101
\l__siunitx_angle_unit_box=\box102
\l__siunitx_compound_count_int=\count305

(c:/texlive/2025/texmf-dist/tex/latex/translations/translations.sty
Package: translations 2022/02/05 v1.12 internationalization of LaTeX2e packages
 (CN)

(c:/texlive/2025/texmf-dist/tex/latex/etoolbox/etoolbox.sty
Package: etoolbox 2025/10/02 v2.5m e-TeX tools for LaTeX (JAW)
\etb@tempcnta=\count306
)
(c:/texlive/2025/texmf-dist/tex/generic/pdftexcmds/pdftexcmds.sty
Package: pdftexcmds 2020-06-27 v0.33 Utility functions of pdfTeX for LuaTeX (HO
)

(c:/texlive/2025/texmf-dist/tex/generic/infwarerr/infwarerr.sty
Package: infwarerr 2019/12/03 v1.5 Providing info/warning/error messages (HO)
)
(c:/texlive/2025/texmf-dist/tex/generic/iftex/iftex.sty
Package: iftex 2024/12/12 v1.0g TeX engine tests
)
(c:/texlive/2025/texmf-dist/tex/generic/ltxcmds/ltxcmds.sty
Package: ltxcmds 2023-12-04 v1.26 LaTeX kernel commands for general use (HO)
)
Package pdftexcmds Info: \pdf@primitive is available.
Package pdftexcmds Info: \pdf@ifprimitive is available.
Package pdftexcmds Info: \pdfdraftmode found.
))
(c:/texlive/2025/texmf-dist/tex/latex/amsmath/amstext.sty
Package: amstext 2024/11/17 v2.01 AMS text

(c:/texlive/2025/texmf-dist/tex/latex/amsmath/amsgen.sty
File: amsgen.sty 1999/11/30 v2.0 generic functions
\@emptytoks=\toks21
\ex@=\dimen162
))
\l__siunitx_table_tmp_box=\box103
\l__siunitx_table_tmp_dim=\dimen163
\l__siunitx_table_column_width_dim=\dimen164
\l__siunitx_table_integer_box=\box104
\l__siunitx_table_decimal_box=\box105
\l__siunitx_table_uncert_box=\box106
\l__siunitx_table_before_box=\box107
\l__siunitx_table_after_box=\box108
\l__siunitx_table_before_dim=\dimen165
\l__siunitx_table_carry_dim=\dimen166
\l__siunitx_unit_tmp_int=\count307
\l__siunitx_unit_position_int=\count308
\l__siunitx_unit_total_int=\count309
)
(c:/texlive/2025/texmf-dist/tex/latex/tools/tabularx.sty
Package: tabularx 2023/12/11 v2.12a `tabularx' package (DPC)
\TX@col@width=\dimen167
\TX@old@table=\dimen168
\TX@old@col=\dimen169
\TX@target=\dimen170
\TX@delta=\dimen171
\TX@cols=\count310
\TX@ftn=\toks22
)
(c:/texlive/2025/texmf-dist/tex/latex/graphics/graphicx.sty
Package: graphicx 2024/12/31 v1.2e Enhanced LaTeX Graphics (DPC,SPQR)

(c:/texlive/2025/texmf-dist/tex/latex/graphics/keyval.sty
Package: keyval 2022/05/29 v1.15 key=value parser (DPC)
\KV@toks@=\toks23
)
(c:/texlive/2025/texmf-dist/tex/latex/graphics/graphics.sty
Package: graphics 2024/08/06 v1.4g Standard LaTeX Graphics (DPC,SPQR)

(c:/texlive/2025/texmf-dist/tex/latex/graphics/trig.sty
Package: trig 2023/12/02 v1.11 sin cos tan (DPC)
)
(c:/texlive/2025/texmf-dist/tex/latex/graphics-cfg/graphics.cfg
File: graphics.cfg 2016/06/04 v1.11 sample graphics configuration
)
Package graphics Info: Driver file: pdftex.def on input line 106.

(c:/texlive/2025/texmf-dist/tex/latex/graphics-def/pdftex.def
File: pdftex.def 2025/09/29 v1.2d Graphics/color driver for pdftex
))
\Gin@req@height=\dimen172
\Gin@req@width=\dimen173
)
(c:/texlive/2025/texmf-dist/tex/latex/float/float.sty
Package: float 2001/11/08 v1.3d Float enhancements (AL)
\c@float@type=\count311
\float@exts=\toks24
\float@box=\box109
\@float@everytoks=\toks25
\@floatcapt=\box110
)
(c:/texlive/2025/texmf-dist/tex/latex/adjustbox/adjustbox.sty
Package: adjustbox 2025/02/26 v1.3c Adjusting TeX boxes (trim, clip, ...)

(c:/texlive/2025/texmf-dist/tex/latex/xkeyval/xkeyval.sty
Package: xkeyval 2025/11/04 v2.10 package option processing (HA)

(c:/texlive/2025/texmf-dist/tex/generic/xkeyval/xkeyval.tex
(c:/texlive/2025/texmf-dist/tex/generic/xkeyval/xkvutils.tex
\XKV@toks=\toks26
\XKV@tempa@toks=\toks27
\XKV@tempb@toks=\toks28
)
\XKV@depth=\count312
File: xkeyval.tex 2014/12/03 v2.7a key=value parser (HA)
))
(c:/texlive/2025/texmf-dist/tex/latex/adjustbox/adjcalc.sty
Package: adjcalc 2012/05/16 v1.1 Provides advanced setlength with multiple back
-ends (calc, etex, pgfmath)
)
(c:/texlive/2025/texmf-dist/tex/latex/adjustbox/trimclip.sty
Package: trimclip 2025/02/21 v1.2a Trim and clip general TeX material

(c:/texlive/2025/texmf-dist/tex/latex/collectbox/collectbox.sty
Package: collectbox 2022/10/17 v0.4c Collect macro arguments as boxes
\collectedbox=\box111
)
\tc@llx=\dimen174
\tc@lly=\dimen175
\tc@urx=\dimen176
\tc@ury=\dimen177
Package trimclip Info: Using driver 'tc-pdftex.def'.

(c:/texlive/2025/texmf-dist/tex/latex/adjustbox/tc-pdftex.def
File: tc-pdftex.def 2025/02/26 v2.3 Clipping driver for pdftex
))
\adjbox@Width=\dimen178
\adjbox@Height=\dimen179
\adjbox@Depth=\dimen180
\adjbox@Totalheight=\dimen181
\adjbox@pwidth=\dimen182
\adjbox@pheight=\dimen183
\adjbox@pdepth=\dimen184
\adjbox@ptotalheight=\dimen185

(c:/texlive/2025/texmf-dist/tex/latex/ifoddpage/ifoddpage.sty
Package: ifoddpage 2022/10/18 v1.2 Conditionals for odd/even page detection
\c@checkoddpage=\count313
)
(c:/texlive/2025/texmf-dist/tex/latex/varwidth/varwidth.sty
Package: varwidth 2009/03/30 ver 0.92;  Variable-width minipages
\@vwid@box=\box112
\sift@deathcycles=\count314
\@vwid@loff=\dimen186
\@vwid@roff=\dimen187
)
==> First Aid for varwidth.sty applied!
) (c:/texlive/2025/texmf-dist/tex/latex/lipsum/lipsum.sty
(c:/texlive/2025/texmf-dist/tex/latex/l3packages/l3keys2e/l3keys2e.sty
(c:/texlive/2025/texmf-dist/tex/latex/l3kernel/expl3.sty
Package: expl3 2025-11-14 L3 programming layer (loader) 

(c:/texlive/2025/texmf-dist/tex/latex/l3backend/l3backend-pdftex.def
File: l3backend-pdftex.def 2025-10-09 L3 backend support: PDF output (pdfTeX)
\l__color_backend_stack_int=\count315
))
Package: l3keys2e 2025-10-09 LaTeX2e option processing using LaTeX3 keys
)
Package: lipsum 2021-09-20 v2.7 150 paragraphs of Lorem Ipsum dummy text
\g__lipsum_par_int=\count316
\l__lipsum_a_int=\count317
\l__lipsum_b_int=\count318

(c:/texlive/2025/texmf-dist/tex/latex/lipsum/lipsum.ltd.tex))
(c:/texlive/2025/texmf-dist/tex/latex/caption/subcaption.sty
Package: subcaption 2023/07/28 v1.6b Sub-captions (AR)

(c:/texlive/2025/texmf-dist/tex/latex/caption/caption.sty
Package: caption 2023/08/05 v3.6o Customizing captions (AR)

(c:/texlive/2025/texmf-dist/tex/latex/caption/caption3.sty
Package: caption3 2023/07/31 v2.4d caption3 kernel (AR)
\caption@tempdima=\dimen188
\captionmargin=\dimen189
\caption@leftmargin=\dimen190
\caption@rightmargin=\dimen191
\caption@width=\dimen192
\caption@indent=\dimen193
\caption@parindent=\dimen194
\caption@hangindent=\dimen195
Package caption Info: Standard document class detected.
)
\c@caption@flags=\count319
\c@continuedfloat=\count320
Package caption Info: float package is loaded.
)
Package caption Info: New subtype `subfigure' on input line 238.
\c@subfigure=\count321
Package caption Info: New subtype `subtable' on input line 238.
\c@subtable=\count322
)
(c:/texlive/2025/texmf-dist/tex/latex/tools/enumerate.sty
Package: enumerate 2023/07/04 v3.00 enumerate extensions (DPC)
\@enLab=\toks29
)
(c:/texlive/2025/texmf-dist/tex/latex/tools/indentfirst.sty
Package: indentfirst 2023/07/02 v1.03 Indent first paragraph (DPC)
)
(c:/texlive/2025/texmf-dist/tex/latex/amsmath/amsmath.sty
Package: amsmath 2025/07/09 v2.17z AMS math features
\@mathmargin=\skip57

For additional information on amsmath, use the `?' option.
(c:/texlive/2025/texmf-dist/tex/latex/amsmath/amsbsy.sty
Package: amsbsy 1999/11/29 v1.2d Bold Symbols
\pmbraise@=\dimen196
)
(c:/texlive/2025/texmf-dist/tex/latex/amsmath/amsopn.sty
Package: amsopn 2022/04/08 v2.04 operator names
)
\inf@bad=\count323
LaTeX Info: Redefining \frac on input line 233.
\uproot@=\count324
\leftroot@=\count325
LaTeX Info: Redefining \overline on input line 398.
LaTeX Info: Redefining \colon on input line 409.
\classnum@=\count326
\DOTSCASE@=\count327
LaTeX Info: Redefining \ldots on input line 495.
LaTeX Info: Redefining \dots on input line 498.
LaTeX Info: Redefining \cdots on input line 619.
\Mathstrutbox@=\box113
\strutbox@=\box114
LaTeX Info: Redefining \big on input line 721.
LaTeX Info: Redefining \Big on input line 722.
LaTeX Info: Redefining \bigg on input line 723.
LaTeX Info: Redefining \Bigg on input line 724.
\big@size=\dimen197
LaTeX Font Info:    Redeclaring font encoding OML on input line 742.
LaTeX Font Info:    Redeclaring font encoding OMS on input line 743.
\macc@depth=\count328
LaTeX Info: Redefining \bmod on input line 904.
LaTeX Info: Redefining \pmod on input line 909.
LaTeX Info: Redefining \smash on input line 939.
LaTeX Info: Redefining \relbar on input line 969.
LaTeX Info: Redefining \Relbar on input line 970.
\c@MaxMatrixCols=\count329
\dotsspace@=\muskip17
\c@parentequation=\count330
\dspbrk@lvl=\count331
\tag@help=\toks30
\row@=\count332
\column@=\count333
\maxfields@=\count334
\andhelp@=\toks31
\eqnshift@=\dimen198
\alignsep@=\dimen199
\tagshift@=\dimen256
\tagwidth@=\dimen257
\totwidth@=\dimen258
\lineht@=\dimen259
\@envbody=\toks32
\multlinegap=\skip58
\multlinetaggap=\skip59
\mathdisplay@stack=\toks33
LaTeX Info: Redefining \[ on input line 2950.
LaTeX Info: Redefining \] on input line 2951.
)
(c:/texlive/2025/texmf-dist/tex/latex/listings/listings.sty
\lst@mode=\count335
\lst@gtempboxa=\box115
\lst@token=\toks34
\lst@length=\count336
\lst@currlwidth=\dimen260
\lst@column=\count337
\lst@pos=\count338
\lst@lostspace=\dimen261
\lst@width=\dimen262
\lst@newlines=\count339
\lst@lineno=\count340
\lst@maxwidth=\dimen263

(c:/texlive/2025/texmf-dist/tex/latex/listings/lstpatch.sty
File: lstpatch.sty 2025/11/14 1.11b (Carsten Heinz)
)
(c:/texlive/2025/texmf-dist/tex/latex/listings/lstmisc.sty
File: lstmisc.sty 2025/11/14 1.11b (Carsten Heinz)
\c@lstnumber=\count341
\lst@skipnumbers=\count342
\lst@framebox=\box116
)
(c:/texlive/2025/texmf-dist/tex/latex/listings/listings.cfg
File: listings.cfg 2025/11/14 1.11b listings configuration
))
Package: listings 2025/11/14 1.11b (Carsten Heinz)

==> First Aid for listings.sty no longer applied!
    Expected:
        2024/09/23 1.10c (Carsten Heinz)
    but found:
        2025/11/14 1.11b (Carsten Heinz)
    so I'm assuming it got fixed.
(c:/texlive/2025/texmf-dist/tex/latex/diagbox/diagbox.sty
Package: diagbox 2020/02/09 v2.3 Making table heads with diagonal lines

(c:/texlive/2025/texmf-dist/tex/latex/pict2e/pict2e.sty
Package: pict2e 2020/09/30 v0.4b Improved picture commands (HjG,RN,JT)

(c:/texlive/2025/texmf-dist/tex/latex/pict2e/pict2e.cfg
File: pict2e.cfg 2016/02/05 v0.1u pict2e configuration for teTeX/TeXLive
)
Package pict2e Info: Driver file: pdftex.def on input line 112.
Package pict2e Info: Driver file for pict2e: p2e-pdftex.def on input line 114.

(c:/texlive/2025/texmf-dist/tex/latex/pict2e/p2e-pdftex.def
File: p2e-pdftex.def 2016/02/05 v0.1u Driver-dependant file (RN,HjG,JT)
)
\pIIe@GRAPH=\toks35
\@arclen=\dimen264
\@arcrad=\dimen265
\pIIe@tempdima=\dimen266
\pIIe@tempdimb=\dimen267
\pIIe@tempdimc=\dimen268
\pIIe@tempdimd=\dimen269
\pIIe@tempdime=\dimen270
\pIIe@tempdimf=\dimen271
)
(c:/texlive/2025/texmf-dist/tex/latex/tools/calc.sty
Package: calc 2025/03/01 v4.3b Infix arithmetic (KKT,FJ)
\calc@Acount=\count343
\calc@Bcount=\count344
\calc@Adimen=\dimen272
\calc@Bdimen=\dimen273
\calc@Askip=\skip60
\calc@Bskip=\skip61
LaTeX Info: Redefining \setlength on input line 86.
LaTeX Info: Redefining \addtolength on input line 87.
\calc@Ccount=\count345
\calc@Cskip=\skip62
)
\diagbox@boxa=\box117
\diagbox@boxb=\box118
\diagbox@boxm=\box119
\diagbox@wd=\dimen274
\diagbox@ht=\dimen275
\diagbox@insepl=\dimen276
\diagbox@insepr=\dimen277
\diagbox@outsepl=\dimen278
\diagbox@outsepr=\dimen279
)
(c:/texlive/2025/texmf-dist/tex/latex/matlab-prettifier/matlab-prettifier.sty
Package: matlab-prettifier 2014/06/19 v0.3 A package for prettyprinting Matlab 
source code

(c:/texlive/2025/texmf-dist/tex/latex/xcolor/xcolor.sty
Package: xcolor 2024/09/29 v3.02 LaTeX color extensions (UK)

(c:/texlive/2025/texmf-dist/tex/latex/graphics-cfg/color.cfg
File: color.cfg 2016/01/02 v1.6 sample color configuration
)
Package xcolor Info: Driver file: pdftex.def on input line 274.

(c:/texlive/2025/texmf-dist/tex/latex/graphics/mathcolor.ltx)
Package xcolor Info: Model `cmy' substituted by `cmy0' on input line 1349.
Package xcolor Info: Model `hsb' substituted by `rgb' on input line 1353.
Package xcolor Info: Model `RGB' extended on input line 1365.
Package xcolor Info: Model `HTML' substituted by `rgb' on input line 1367.
Package xcolor Info: Model `Hsb' substituted by `hsb' on input line 1368.
Package xcolor Info: Model `tHsb' substituted by `hsb' on input line 1369.
Package xcolor Info: Model `HSB' substituted by `hsb' on input line 1370.
Package xcolor Info: Model `Gray' substituted by `gray' on input line 1371.
Package xcolor Info: Model `wave' substituted by `hsb' on input line 1372.
)
\netBracketCount@mlpr=\count346
\blkLvl@mlpr=\count347
\blkLvlAtClassdef@mlpr=\count348
\emHeight@mlpr=\skip63
\jayDepth@mlpr=\skip64
\sectionRuleOffset@mlpr=\skip65
\toks@mlpr=\toks36
)
(c:/texlive/2025/texmf-dist/tex/latex/titlesec/titlesec.sty
Package: titlesec 2025/01/04 v2.17 Sectioning titles
\ttl@box=\box120
\beforetitleunit=\skip66
\aftertitleunit=\skip67
\ttl@plus=\dimen280
\ttl@minus=\dimen281
\ttl@toksa=\toks37
\titlewidth=\dimen282
\titlewidthlast=\dimen283
\titlewidthfirst=\dimen284
)
(c:/texlive/2025/texmf-dist/tex/latex/graphics/rotating.sty
Package: rotating 2025/01/14 v2.16e rotated objects in LaTeX
\c@r@tfl@t=\count349
\rotFPtop=\skip68
\rotFPbot=\skip69
\rot@float@box=\box121
\rot@mess@toks=\toks38
)
(c:/texlive/2025/texmf-dist/tex/latex/pgf/frontendlayer/tikz.sty
(c:/texlive/2025/texmf-dist/tex/latex/pgf/basiclayer/pgf.sty
(c:/texlive/2025/texmf-dist/tex/latex/pgf/utilities/pgfrcs.sty
(c:/texlive/2025/texmf-dist/tex/generic/pgf/utilities/pgfutil-common.tex
\pgfutil@everybye=\toks39
\pgfutil@tempdima=\dimen285
\pgfutil@tempdimb=\dimen286
)
(c:/texlive/2025/texmf-dist/tex/generic/pgf/utilities/pgfutil-latex.def
\pgfutil@abb=\box122
)
(c:/texlive/2025/texmf-dist/tex/generic/pgf/utilities/pgfrcs.code.tex
(c:/texlive/2025/texmf-dist/tex/generic/pgf/pgf.revision.tex)
Package: pgfrcs 2025-08-29 v3.1.11a (3.1.11a)
))
Package: pgf 2025-08-29 v3.1.11a (3.1.11a)

(c:/texlive/2025/texmf-dist/tex/latex/pgf/basiclayer/pgfcore.sty
(c:/texlive/2025/texmf-dist/tex/latex/pgf/systemlayer/pgfsys.sty
(c:/texlive/2025/texmf-dist/tex/generic/pgf/systemlayer/pgfsys.code.tex
Package: pgfsys 2025-08-29 v3.1.11a (3.1.11a)

(c:/texlive/2025/texmf-dist/tex/generic/pgf/utilities/pgfkeys.code.tex
\pgfkeys@pathtoks=\toks40
\pgfkeys@temptoks=\toks41

(c:/texlive/2025/texmf-dist/tex/generic/pgf/utilities/pgfkeyslibraryfiltered.co
de.tex
\pgfkeys@tmptoks=\toks42
))
\pgf@x=\dimen287
\pgf@y=\dimen288
\pgf@xa=\dimen289
\pgf@ya=\dimen290
\pgf@xb=\dimen291
\pgf@yb=\dimen292
\pgf@xc=\dimen293
\pgf@yc=\dimen294
\pgf@xd=\dimen295
\pgf@yd=\dimen296
\w@pgf@writea=\write3
\r@pgf@reada=\read2
\c@pgf@counta=\count350
\c@pgf@countb=\count351
\c@pgf@countc=\count352
\c@pgf@countd=\count353
\t@pgf@toka=\toks43
\t@pgf@tokb=\toks44
\t@pgf@tokc=\toks45
\pgf@sys@id@count=\count354
 (c:/texlive/2025/texmf-dist/tex/generic/pgf/systemlayer/pgf.cfg
File: pgf.cfg 2025-08-29 v3.1.11a (3.1.11a)
)
Driver file for pgf: pgfsys-pdftex.def

(c:/texlive/2025/texmf-dist/tex/generic/pgf/systemlayer/pgfsys-pdftex.def
File: pgfsys-pdftex.def 2025-08-29 v3.1.11a (3.1.11a)

(c:/texlive/2025/texmf-dist/tex/generic/pgf/systemlayer/pgfsys-common-pdf.def
File: pgfsys-common-pdf.def 2025-08-29 v3.1.11a (3.1.11a)
)))
(c:/texlive/2025/texmf-dist/tex/generic/pgf/systemlayer/pgfsyssoftpath.code.tex
File: pgfsyssoftpath.code.tex 2025-08-29 v3.1.11a (3.1.11a)
\pgfsyssoftpath@smallbuffer@items=\count355
\pgfsyssoftpath@bigbuffer@items=\count356
)
(c:/texlive/2025/texmf-dist/tex/generic/pgf/systemlayer/pgfsysprotocol.code.tex
File: pgfsysprotocol.code.tex 2025-08-29 v3.1.11a (3.1.11a)
)) (c:/texlive/2025/texmf-dist/tex/generic/pgf/basiclayer/pgfcore.code.tex
Package: pgfcore 2025-08-29 v3.1.11a (3.1.11a)

(c:/texlive/2025/texmf-dist/tex/generic/pgf/math/pgfmath.code.tex
(c:/texlive/2025/texmf-dist/tex/generic/pgf/math/pgfmathutil.code.tex)
(c:/texlive/2025/texmf-dist/tex/generic/pgf/math/pgfmathparser.code.tex
\pgfmath@dimen=\dimen297
\pgfmath@count=\count357
\pgfmath@box=\box123
\pgfmath@toks=\toks46
\pgfmath@stack@operand=\toks47
\pgfmath@stack@operation=\toks48
)
(c:/texlive/2025/texmf-dist/tex/generic/pgf/math/pgfmathfunctions.code.tex)
(c:/texlive/2025/texmf-dist/tex/generic/pgf/math/pgfmathfunctions.basic.code.te
x)
(c:/texlive/2025/texmf-dist/tex/generic/pgf/math/pgfmathfunctions.trigonometric
.code.tex)
(c:/texlive/2025/texmf-dist/tex/generic/pgf/math/pgfmathfunctions.random.code.t
ex)
(c:/texlive/2025/texmf-dist/tex/generic/pgf/math/pgfmathfunctions.comparison.co
de.tex)
(c:/texlive/2025/texmf-dist/tex/generic/pgf/math/pgfmathfunctions.base.code.tex
)
(c:/texlive/2025/texmf-dist/tex/generic/pgf/math/pgfmathfunctions.round.code.te
x)
(c:/texlive/2025/texmf-dist/tex/generic/pgf/math/pgfmathfunctions.misc.code.tex
)
(c:/texlive/2025/texmf-dist/tex/generic/pgf/math/pgfmathfunctions.integerarithm
etics.code.tex)
(c:/texlive/2025/texmf-dist/tex/generic/pgf/math/pgfmathcalc.code.tex)
(c:/texlive/2025/texmf-dist/tex/generic/pgf/math/pgfmathfloat.code.tex
\c@pgfmathroundto@lastzeros=\count358
))
(c:/texlive/2025/texmf-dist/tex/generic/pgf/math/pgfint.code.tex)
(c:/texlive/2025/texmf-dist/tex/generic/pgf/basiclayer/pgfcorepoints.code.tex
File: pgfcorepoints.code.tex 2025-08-29 v3.1.11a (3.1.11a)
\pgf@picminx=\dimen298
\pgf@picmaxx=\dimen299
\pgf@picminy=\dimen300
\pgf@picmaxy=\dimen301
\pgf@pathminx=\dimen302
\pgf@pathmaxx=\dimen303
\pgf@pathminy=\dimen304
\pgf@pathmaxy=\dimen305
\pgf@xx=\dimen306
\pgf@xy=\dimen307
\pgf@yx=\dimen308
\pgf@yy=\dimen309
\pgf@zx=\dimen310
\pgf@zy=\dimen311
)
(c:/texlive/2025/texmf-dist/tex/generic/pgf/basiclayer/pgfcorepathconstruct.cod
e.tex
File: pgfcorepathconstruct.code.tex 2025-08-29 v3.1.11a (3.1.11a)
\pgf@path@lastx=\dimen312
\pgf@path@lasty=\dimen313
)
(c:/texlive/2025/texmf-dist/tex/generic/pgf/basiclayer/pgfcorepathusage.code.te
x
File: pgfcorepathusage.code.tex 2025-08-29 v3.1.11a (3.1.11a)
\pgf@shorten@end@additional=\dimen314
\pgf@shorten@start@additional=\dimen315
)
(c:/texlive/2025/texmf-dist/tex/generic/pgf/basiclayer/pgfcorescopes.code.tex
File: pgfcorescopes.code.tex 2025-08-29 v3.1.11a (3.1.11a)
\pgfpic=\box124
\pgf@hbox=\box125
\pgf@layerbox@main=\box126
\pgf@picture@serial@count=\count359
)
(c:/texlive/2025/texmf-dist/tex/generic/pgf/basiclayer/pgfcoregraphicstate.code
.tex
File: pgfcoregraphicstate.code.tex 2025-08-29 v3.1.11a (3.1.11a)
\pgflinewidth=\dimen316
)
(c:/texlive/2025/texmf-dist/tex/generic/pgf/basiclayer/pgfcoretransformations.c
ode.tex
File: pgfcoretransformations.code.tex 2025-08-29 v3.1.11a (3.1.11a)
\pgf@pt@x=\dimen317
\pgf@pt@y=\dimen318
\pgf@pt@temp=\dimen319
)
(c:/texlive/2025/texmf-dist/tex/generic/pgf/basiclayer/pgfcorequick.code.tex
File: pgfcorequick.code.tex 2025-08-29 v3.1.11a (3.1.11a)
)
(c:/texlive/2025/texmf-dist/tex/generic/pgf/basiclayer/pgfcoreobjects.code.tex
File: pgfcoreobjects.code.tex 2025-08-29 v3.1.11a (3.1.11a)
)
(c:/texlive/2025/texmf-dist/tex/generic/pgf/basiclayer/pgfcorepathprocessing.co
de.tex
File: pgfcorepathprocessing.code.tex 2025-08-29 v3.1.11a (3.1.11a)
)
(c:/texlive/2025/texmf-dist/tex/generic/pgf/basiclayer/pgfcorearrows.code.tex
File: pgfcorearrows.code.tex 2025-08-29 v3.1.11a (3.1.11a)
\pgfarrowsep=\dimen320
)
(c:/texlive/2025/texmf-dist/tex/generic/pgf/basiclayer/pgfcoreshade.code.tex
File: pgfcoreshade.code.tex 2025-08-29 v3.1.11a (3.1.11a)
\pgf@max=\dimen321
\pgf@sys@shading@range@num=\count360
\pgf@shadingcount=\count361
)
(c:/texlive/2025/texmf-dist/tex/generic/pgf/basiclayer/pgfcoreimage.code.tex
File: pgfcoreimage.code.tex 2025-08-29 v3.1.11a (3.1.11a)
)
(c:/texlive/2025/texmf-dist/tex/generic/pgf/basiclayer/pgfcoreexternal.code.tex
File: pgfcoreexternal.code.tex 2025-08-29 v3.1.11a (3.1.11a)
\pgfexternal@startupbox=\box127
) (c:/texlive/2025/texmf-dist/tex/generic/pgf/basiclayer/pgfcorelayers.code.tex
File: pgfcorelayers.code.tex 2025-08-29 v3.1.11a (3.1.11a)
)
(c:/texlive/2025/texmf-dist/tex/generic/pgf/basiclayer/pgfcoretransparency.code
.tex
File: pgfcoretransparency.code.tex 2025-08-29 v3.1.11a (3.1.11a)
)
(c:/texlive/2025/texmf-dist/tex/generic/pgf/basiclayer/pgfcorepatterns.code.tex
File: pgfcorepatterns.code.tex 2025-08-29 v3.1.11a (3.1.11a)
) (c:/texlive/2025/texmf-dist/tex/generic/pgf/basiclayer/pgfcorerdf.code.tex
File: pgfcorerdf.code.tex 2025-08-29 v3.1.11a (3.1.11a)
))) (c:/texlive/2025/texmf-dist/tex/generic/pgf/modules/pgfmoduleshapes.code.te
x
File: pgfmoduleshapes.code.tex 2025-08-29 v3.1.11a (3.1.11a)
\pgfnodeparttextbox=\box128
)
(c:/texlive/2025/texmf-dist/tex/generic/pgf/modules/pgfmoduleplot.code.tex
File: pgfmoduleplot.code.tex 2025-08-29 v3.1.11a (3.1.11a)
)
(c:/texlive/2025/texmf-dist/tex/latex/pgf/compatibility/pgfcomp-version-0-65.st
y
Package: pgfcomp-version-0-65 2025-08-29 v3.1.11a (3.1.11a)
\pgf@nodesepstart=\dimen322
\pgf@nodesepend=\dimen323
)
(c:/texlive/2025/texmf-dist/tex/latex/pgf/compatibility/pgfcomp-version-1-18.st
y
Package: pgfcomp-version-1-18 2025-08-29 v3.1.11a (3.1.11a)
)) (c:/texlive/2025/texmf-dist/tex/latex/pgf/utilities/pgffor.sty
(c:/texlive/2025/texmf-dist/tex/latex/pgf/utilities/pgfkeys.sty
(c:/texlive/2025/texmf-dist/tex/generic/pgf/utilities/pgfkeys.code.tex))
(c:/texlive/2025/texmf-dist/tex/latex/pgf/math/pgfmath.sty
(c:/texlive/2025/texmf-dist/tex/generic/pgf/math/pgfmath.code.tex))
(c:/texlive/2025/texmf-dist/tex/generic/pgf/utilities/pgffor.code.tex
Package: pgffor 2025-08-29 v3.1.11a (3.1.11a)
\pgffor@iter=\dimen324
\pgffor@skip=\dimen325
\pgffor@stack=\toks49
\pgffor@toks=\toks50
))
(c:/texlive/2025/texmf-dist/tex/generic/pgf/frontendlayer/tikz/tikz.code.tex
Package: tikz 2025-08-29 v3.1.11a (3.1.11a)

(c:/texlive/2025/texmf-dist/tex/generic/pgf/libraries/pgflibraryplothandlers.co
de.tex
File: pgflibraryplothandlers.code.tex 2025-08-29 v3.1.11a (3.1.11a)
\pgf@plot@mark@count=\count362
\pgfplotmarksize=\dimen326
)
\tikz@lastx=\dimen327
\tikz@lasty=\dimen328
\tikz@lastxsaved=\dimen329
\tikz@lastysaved=\dimen330
\tikz@lastmovetox=\dimen331
\tikz@lastmovetoy=\dimen332
\tikzleveldistance=\dimen333
\tikzsiblingdistance=\dimen334
\tikz@figbox=\box129
\tikz@figbox@bg=\box130
\tikz@tempbox=\box131
\tikz@tempbox@bg=\box132
\tikztreelevel=\count363
\tikznumberofchildren=\count364
\tikznumberofcurrentchild=\count365
\tikz@fig@count=\count366

(c:/texlive/2025/texmf-dist/tex/generic/pgf/modules/pgfmodulematrix.code.tex
File: pgfmodulematrix.code.tex 2025-08-29 v3.1.11a (3.1.11a)
\pgfmatrixcurrentrow=\count367
\pgfmatrixcurrentcolumn=\count368
\pgf@matrix@numberofcolumns=\count369
)
\tikz@expandcount=\count370

(c:/texlive/2025/texmf-dist/tex/generic/pgf/frontendlayer/tikz/libraries/tikzli
brarytopaths.code.tex
File: tikzlibrarytopaths.code.tex 2025-08-29 v3.1.11a (3.1.11a)
)))
(c:/texlive/2025/texmf-dist/tex/latex/tools/verbatim.sty
Package: verbatim 2024-01-22 v1.5x LaTeX2e package for verbatim enhancements
\every@verbatim=\toks51
\verbatim@line=\toks52
\verbatim@in@stream=\read3
)
(c:/texlive/2025/texmf-dist/tex/latex/hyperref/hyperref.sty
Package: hyperref 2025-07-12 v7.01o Hypertext links for LaTeX

(c:/texlive/2025/texmf-dist/tex/latex/kvsetkeys/kvsetkeys.sty
Package: kvsetkeys 2022-10-05 v1.19 Key value parser (HO)
)
(c:/texlive/2025/texmf-dist/tex/generic/kvdefinekeys/kvdefinekeys.sty
Package: kvdefinekeys 2019-12-19 v1.6 Define keys (HO)
)
(c:/texlive/2025/texmf-dist/tex/generic/pdfescape/pdfescape.sty
Package: pdfescape 2019/12/09 v1.15 Implements pdfTeX's escape features (HO)
)
(c:/texlive/2025/texmf-dist/tex/latex/hycolor/hycolor.sty
Package: hycolor 2020-01-27 v1.10 Color options for hyperref/bookmark (HO)
)
(c:/texlive/2025/texmf-dist/tex/latex/hyperref/nameref.sty
Package: nameref 2025-06-21 v2.57 Cross-referencing by name of section

(c:/texlive/2025/texmf-dist/tex/latex/refcount/refcount.sty
Package: refcount 2019/12/15 v3.6 Data extraction from label references (HO)
)
(c:/texlive/2025/texmf-dist/tex/generic/gettitlestring/gettitlestring.sty
Package: gettitlestring 2019/12/15 v1.6 Cleanup title references (HO)

(c:/texlive/2025/texmf-dist/tex/latex/kvoptions/kvoptions.sty
Package: kvoptions 2022-06-15 v3.15 Key value format for package options (HO)
))
\c@section@level=\count371
)
(c:/texlive/2025/texmf-dist/tex/generic/stringenc/stringenc.sty
Package: stringenc 2019/11/29 v1.12 Convert strings between diff. encodings (HO
)
)
\@linkdim=\dimen335
\Hy@linkcounter=\count372
\Hy@pagecounter=\count373

(c:/texlive/2025/texmf-dist/tex/latex/hyperref/pd1enc.def
File: pd1enc.def 2025-07-12 v7.01o Hyperref: PDFDocEncoding definition (HO)
Now handling font encoding PD1 ...
... no UTF-8 mapping file for font encoding PD1
)
(c:/texlive/2025/texmf-dist/tex/generic/intcalc/intcalc.sty
Package: intcalc 2019/12/15 v1.3 Expandable calculations with integers (HO)
)
\Hy@SavedSpaceFactor=\count374

(c:/texlive/2025/texmf-dist/tex/latex/hyperref/puenc.def
File: puenc.def 2025-07-12 v7.01o Hyperref: PDF Unicode definition (HO)
Now handling font encoding PU ...
... no UTF-8 mapping file for font encoding PU
)
Package hyperref Info: Option `colorlinks' set `true' on input line 4066.
Package hyperref Info: Hyper figures OFF on input line 4195.
Package hyperref Info: Link nesting OFF on input line 4200.
Package hyperref Info: Hyper index ON on input line 4203.
Package hyperref Info: Plain pages OFF on input line 4210.
Package hyperref Info: Backreferencing OFF on input line 4215.
Package hyperref Info: Implicit mode ON; LaTeX internals redefined.
Package hyperref Info: Bookmarks ON on input line 4462.
\c@Hy@tempcnt=\count375

(c:/texlive/2025/texmf-dist/tex/latex/url/url.sty
\Urlmuskip=\muskip18
Package: url 2013/09/16  ver 3.4  Verb mode for urls, etc.
)
LaTeX Info: Redefining \url on input line 4801.
\XeTeXLinkMargin=\dimen336

(c:/texlive/2025/texmf-dist/tex/generic/bitset/bitset.sty
Package: bitset 2019/12/09 v1.3 Handle bit-vector datatype (HO)

(c:/texlive/2025/texmf-dist/tex/generic/bigintcalc/bigintcalc.sty
Package: bigintcalc 2019/12/15 v1.5 Expandable calculations on big integers (HO
)
))
\Fld@menulength=\count376
\Field@Width=\dimen337
\Fld@charsize=\dimen338
Package hyperref Info: Hyper figures OFF on input line 6078.
Package hyperref Info: Link nesting OFF on input line 6083.
Package hyperref Info: Hyper index ON on input line 6086.
Package hyperref Info: backreferencing OFF on input line 6093.
Package hyperref Info: Link coloring ON on input line 6096.
Package hyperref Info: Link coloring with OCG OFF on input line 6103.
Package hyperref Info: PDF/A mode OFF on input line 6108.
\Hy@abspage=\count377
\c@Item=\count378
\c@Hfootnote=\count379
)
Package hyperref Info: Driver (autodetected): hpdftex.

(c:/texlive/2025/texmf-dist/tex/latex/hyperref/hpdftex.def
File: hpdftex.def 2025-07-12 v7.01o Hyperref driver for pdfTeX
\Fld@listcount=\count380
\c@bookmark@seq@number=\count381

(c:/texlive/2025/texmf-dist/tex/latex/rerunfilecheck/rerunfilecheck.sty
Package: rerunfilecheck 2025-06-21 v1.11 Rerun checks for auxiliary files (HO)

(c:/texlive/2025/texmf-dist/tex/generic/uniquecounter/uniquecounter.sty
Package: uniquecounter 2019/12/15 v1.4 Provide unlimited unique counter (HO)
)
Package uniquecounter Info: New unique counter `rerunfilecheck' on input line 2
84.
)
\Hy@SectionHShift=\skip70
)
(c:/texlive/2025/texmf-dist/tex/latex/enumitem/enumitem.sty
Package: enumitem 2025/02/06 v3.11 Customized lists
\labelindent=\skip71
\enit@outerparindent=\dimen339
\enit@toks=\toks53
\enit@inbox=\box133
\enit@count@id=\count382
\enitdp@description=\count383
)
(c:/texlive/2025/texmf-dist/tex/latex/geometry/geometry.sty
Package: geometry 2020/01/02 v5.9 Page Geometry

(c:/texlive/2025/texmf-dist/tex/generic/iftex/ifvtex.sty
Package: ifvtex 2019/10/25 v1.7 ifvtex legacy package. Use iftex instead.
)
\Gm@cnth=\count384
\Gm@cntv=\count385
\c@Gm@tempcnt=\count386
\Gm@bindingoffset=\dimen340
\Gm@wd@mp=\dimen341
\Gm@odd@mp=\dimen342
\Gm@even@mp=\dimen343
\Gm@layoutwidth=\dimen344
\Gm@layoutheight=\dimen345
\Gm@layouthoffset=\dimen346
\Gm@layoutvoffset=\dimen347
\Gm@dimlist=\toks54
)
(c:/texlive/2025/texmf-dist/tex/latex/koma-script/scrextend.sty
Package: scrextend 2025/12/01 v3.49 KOMA-Script package (extend other classes w
ith features of KOMA-Script classes)

(c:/texlive/2025/texmf-dist/tex/latex/koma-script/scrkbase.sty
Package: scrkbase 2025/12/01 v3.49 KOMA-Script package (KOMA-Script-dependent b
asics and keyval usage)

(c:/texlive/2025/texmf-dist/tex/latex/koma-script/scrbase.sty
Package: scrbase 2025/12/01 v3.49 KOMA-Script package (KOMA-Script-independent 
basics and keyval usage)

(c:/texlive/2025/texmf-dist/tex/latex/koma-script/scrlfile.sty
Package: scrlfile 2025/12/01 v3.49 KOMA-Script package (file load hooks)

(c:/texlive/2025/texmf-dist/tex/latex/koma-script/scrlfile-hook.sty
Package: scrlfile-hook 2025/12/01 v3.49 KOMA-Script package (using LaTeX hooks)


(c:/texlive/2025/texmf-dist/tex/latex/koma-script/scrlogo.sty
Package: scrlogo 2025/12/01 v3.49 KOMA-Script package (logo)
)))
Applying: [2021/05/01] Usage of raw or classic option list on input line 254.
Already applied: [0000/00/00] Usage of raw or classic option list on input line
 370.
))

LaTeX Warning: Command \@footnotemark  has changed.
               Check if current package is valid.

) (c:/texlive/2025/texmf-dist/tex/latex/algorithm2e/algorithm2e.sty
Package: algorithm2e 2017/07/18 v5.2 algorithms environments
\c@AlgoLine=\count387
\algocf@hangindent=\skip72

(c:/texlive/2025/texmf-dist/tex/latex/tools/xspace.sty
Package: xspace 2014/10/28 v1.13 Space after command names (DPC,MH)
)
(c:/texlive/2025/texmf-dist/tex/latex/relsize/relsize.sty
Package: relsize 2013/03/29 ver 4.1
)
\skiptotal=\skip73
\skiplinenumber=\skip74
\skiprule=\skip75
\skiphlne=\skip76
\skiptext=\skip77
\skiplength=\skip78
\algomargin=\skip79
\skipalgocfslide=\skip80
\algowidth=\dimen348
\inoutsize=\dimen349
\inoutindent=\dimen350
\interspacetitleruled=\dimen351
\interspacealgoruled=\dimen352
\interspacetitleboxruled=\dimen353
\algocf@ruledwidth=\skip81
\algocf@inoutbox=\box134
\algocf@inputbox=\box135
\AlCapSkip=\skip82
\AlCapHSkip=\skip83
\algoskipindent=\skip84
\algocf@nlbox=\box136
\algocf@hangingbox=\box137
\algocf@untilbox=\box138
\algocf@skipuntil=\skip85
\algocf@capbox=\box139
\algocf@lcaptionbox=\skip86
\algoheightruledefault=\skip87
\algoheightrule=\skip88
\algotitleheightruledefault=\skip89
\algotitleheightrule=\skip90
\c@algocfline=\count388
\c@algocfproc=\count389
\c@algocf=\count390
\algocf@algoframe=\box140
\algocf@algobox=\box141
)
(c:/texlive/2025/texmf-dist/tex/latex/ragged2e/ragged2e.sty
Package: ragged2e 2023/06/22 v3.6 ragged2e Package
\CenteringLeftskip=\skip91
\RaggedLeftLeftskip=\skip92
\RaggedRightLeftskip=\skip93
\CenteringRightskip=\skip94
\RaggedLeftRightskip=\skip95
\RaggedRightRightskip=\skip96
\CenteringParfillskip=\skip97
\RaggedLeftParfillskip=\skip98
\RaggedRightParfillskip=\skip99
\JustifyingParfillskip=\skip100
\CenteringParindent=\skip101
\RaggedLeftParindent=\skip102
\RaggedRightParindent=\skip103
\JustifyingParindent=\skip104
)
(c:/texlive/2025/texmf-dist/tex/latex/minted/minted.sty
Package: minted 2025/05/14 v3.7.0 Yet another Pygments shim for LaTeX

(c:/texlive/2025/texmf-dist/tex/generic/catchfile/catchfile.sty
Package: catchfile 2019/12/09 v1.8 Catch the contents of a file (HO)

(c:/texlive/2025/texmf-dist/tex/generic/etexcmds/etexcmds.sty
Package: etexcmds 2019/12/15 v1.7 Avoid name clashes with e-TeX commands (HO)
))
(c:/texlive/2025/texmf-dist/tex/latex/fvextra/fvextra.sty
Package: fvextra 2025/05/29 v1.13.2 fvextra - extensions and patches for fancyv
rb

(c:/texlive/2025/texmf-dist/tex/latex/fancyvrb/fancyvrb.sty
Package: fancyvrb 2025/07/28 4.6 verbatim text (tvz,hv)
\FV@CodeLineNo=\count391
\FV@InFile=\read4
\FV@TabBox=\box142
\c@FancyVerbLine=\count392
\FV@StepNumber=\count393
\FV@OutFile=\write4
)
(c:/texlive/2025/texmf-dist/tex/latex/upquote/upquote.sty
Package: upquote 2012/04/19 v1.3 upright-quote and grave-accent glyphs in verba
tim
)
(c:/texlive/2025/texmf-dist/tex/latex/lineno/lineno.sty
Package: lineno 2025/05/13 line numbers on paragraphs v5.5
\linenopenalty=\count394
\output=\toks55
\linenoprevgraf=\count395
\linenumbersep=\dimen354
\linenumberwidth=\dimen355
\c@linenumber=\count396
\c@pagewiselinenumber=\count397
\c@LN@truepage=\count398
\c@internallinenumber=\count399
\c@internallinenumbers=\count400
\quotelinenumbersep=\dimen356
\bframerule=\dimen357
\bframesep=\dimen358
\bframebox=\box143
\@LN@amsmath@ams@eqpen=\count401
)
\c@FancyVerbWriteLine=\count402
\c@FancyVerbBufferLine=\count403
\c@FV@TrueTabGroupLevel=\count404
\c@FV@TrueTabCounter=\count405
\FV@TabBox@Group=\box144
\FV@bgcolorstructbox=\box145
\FV@TmpLength=\skip105
\c@FV@HighlightLinesStart=\count406
\c@FV@HighlightLinesStop=\count407
\FV@LoopCount=\count408
\FV@NCharsBox=\box146
\FV@BreakIndent=\dimen359
\FV@BreakIndentNChars=\count409
\FV@BreakSymbolSepLeft=\dimen360
\FV@BreakSymbolSepLeftNChars=\count410
\FV@BreakSymbolSepRight=\dimen361
\FV@BreakSymbolSepRightNChars=\count411
\FV@BreakSymbolIndentLeft=\dimen362
\FV@BreakSymbolIndentLeftNChars=\count412
\FV@BreakSymbolIndentRight=\dimen363
\FV@BreakSymbolIndentRightNChars=\count413
\c@FancyVerbLineBreakLast=\count414
\FV@LineBox=\box147
\FV@LineIndentBox=\box148
\c@FV@BreakBufferDepth=\count415
\FV@LineWidth=\dimen364
)
(c:/texlive/2025/texmf-dist/tex/latex/latex2pydata/latex2pydata.sty
Package: latex2pydata 2025/03/26 v0.6.0 latex2pydata - write data to file in Py
thon literal format
)
(c:/texlive/2025/texmf-dist/tex/latex/pgfopts/pgfopts.sty
Package: pgfopts 2014/07/10 v2.1a LaTeX package options with pgfkeys
\pgfopts@list@add@a@toks=\toks56
\pgfopts@list@add@b@toks=\toks57
)
(c:/texlive/2025/texmf-dist/tex/latex/tools/shellesc.sty
Package: shellesc 2023/07/08 v1.0d unified shell escape interface for LaTeX
Package shellesc Info: Unrestricted shell escape enabled on input line 75.
)
\c@minted@FancyVerbLineTemp=\count416
\@float@every@listing=\toks58
\c@listing=\count417
)
(c:/texlive/2025/texmf-dist/tex/latex/lastpage/lastpage.sty
Package: lastpage 2025/08/14 v2.1h lastpage: 2.09 or 2e? (HMM)

(c:/texlive/2025/texmf-dist/tex/latex/lastpage/lastpage2e.sty
Package: lastpage2e 2025/08/14 v2.1h Decide which 2e lastpage version to use (H
MM)

(c:/texlive/2025/texmf-dist/tex/latex/lastpage/lastpagemodern.sty
Package: lastpagemodern 2025-08-14 v2.1h Refers to last page's name (HMM; JPG)
\c@lastpagecount=\count418
) 
)) (c:/texlive/2025/texmf-dist/tex/latex/fancyhdr/fancyhdr.sty
Package: fancyhdr 2025/02/07 v5.2 Extensive control of page headers and footers

\f@nch@headwidth=\skip106
\f@nch@offset@elh=\skip107
\f@nch@offset@erh=\skip108
\f@nch@offset@olh=\skip109
\f@nch@offset@orh=\skip110
\f@nch@offset@elf=\skip111
\f@nch@offset@erf=\skip112
\f@nch@offset@olf=\skip113
\f@nch@offset@orf=\skip114
\f@nch@height=\skip115
\f@nch@footalignment=\skip116
\f@nch@widthL=\skip117
\f@nch@widthC=\skip118
\f@nch@widthR=\skip119
\@temptokenb=\toks59
)
(c:/texlive/2025/texmf-dist/tex/latex/tkz-tab/tkz-tab.sty
Package: tkz-tab 2020/04/29 v2.12c variations (ctan version)

(c:/texlive/2025/texmf-dist/tex/generic/pgf/frontendlayer/tikz/libraries/tikzli
braryarrows.code.tex
File: tikzlibraryarrows.code.tex 2025-08-29 v3.1.11a (3.1.11a)

(c:/texlive/2025/texmf-dist/tex/generic/pgf/libraries/pgflibraryarrows.code.tex
File: pgflibraryarrows.code.tex 2025-08-29 v3.1.11a (3.1.11a)
\arrowsize=\dimen365
))
(c:/texlive/2025/texmf-dist/tex/generic/pgf/frontendlayer/tikz/libraries/tikzli
brarypatterns.code.tex
File: tikzlibrarypatterns.code.tex 2025-08-29 v3.1.11a (3.1.11a)

(c:/texlive/2025/texmf-dist/tex/generic/pgf/libraries/pgflibrarypatterns.code.t
ex
File: pgflibrarypatterns.code.tex 2025-08-29 v3.1.11a (3.1.11a)
))
\tkz@XF=\dimen366
\tkz@YF=\dimen367
\c@tkz@cnt@line=\count419
\c@tkz@cnt@lg=\count420
\c@tkz@cnt@cl=\count421
\c@tkz@cnt@pred=\count422
\c@tkz@cnt@temp=\count423
\c@tkz@cnt@arrow=\count424
\c@tkz@cnt@zone=\count425
\c@tkz@cnt@lgnext=\count426
\c@tkz@cnt@clnext=\count427
\c@tkz@cnt@pair=\count428
\c@tkz@cnt@impair=\count429
\c@tkz@cnt@aw=\count430
)
(c:/texlive/2025/texmf-dist/tex/generic/pgf/frontendlayer/tikz/libraries/tikzli
braryshapes.geometric.code.tex
File: tikzlibraryshapes.geometric.code.tex 2025-08-29 v3.1.11a (3.1.11a)

(c:/texlive/2025/texmf-dist/tex/generic/pgf/libraries/shapes/pgflibraryshapes.g
eometric.code.tex
File: pgflibraryshapes.geometric.code.tex 2025-08-29 v3.1.11a (3.1.11a)
)) (c:/texlive/2025/texmf-dist/tex/latex/mdframed/mdframed.sty
Package: mdframed 2013/07/01 1.9b: mdframed
(c:/texlive/2025/texmf-dist/tex/latex/l3packages/xparse/xparse.sty
Package: xparse 2025-10-09 L3 Experimental document command parser
)
(c:/texlive/2025/texmf-dist/tex/latex/zref/zref-abspage.sty
Package: zref-abspage 2025-06-08 v2.36 Module abspage for zref (HO)

(c:/texlive/2025/texmf-dist/tex/latex/zref/zref-base.sty
Package: zref-base 2025-06-08 v2.36 Module base for zref (HO)

(c:/texlive/2025/texmf-dist/tex/latex/auxhook/auxhook.sty
Package: auxhook 2019-12-17 v1.6 Hooks for auxiliary files (HO)
)
Package zref Info: New property list: main on input line 767.
Package zref Info: New property: default on input line 768.
Package zref Info: New property: page on input line 769.
)
\c@abspage=\count431
Package zref Info: New property: abspage on input line 67.
)
(c:/texlive/2025/texmf-dist/tex/latex/needspace/needspace.sty
Package: needspace 2025/03/13 v1.3e reserve vertical space
)
\mdf@templength=\skip120
\c@mdf@globalstyle@cnt=\count432
\mdf@skipabove@length=\skip121
\mdf@skipbelow@length=\skip122
\mdf@leftmargin@length=\skip123
\mdf@rightmargin@length=\skip124
\mdf@innerleftmargin@length=\skip125
\mdf@innerrightmargin@length=\skip126
\mdf@innertopmargin@length=\skip127
\mdf@innerbottommargin@length=\skip128
\mdf@splittopskip@length=\skip129
\mdf@splitbottomskip@length=\skip130
\mdf@outermargin@length=\skip131
\mdf@innermargin@length=\skip132
\mdf@linewidth@length=\skip133
\mdf@innerlinewidth@length=\skip134
\mdf@middlelinewidth@length=\skip135
\mdf@outerlinewidth@length=\skip136
\mdf@roundcorner@length=\skip137
\mdf@footenotedistance@length=\skip138
\mdf@userdefinedwidth@length=\skip139
\mdf@needspace@length=\skip140
\mdf@frametitleaboveskip@length=\skip141
\mdf@frametitlebelowskip@length=\skip142
\mdf@frametitlerulewidth@length=\skip143
\mdf@frametitleleftmargin@length=\skip144
\mdf@frametitlerightmargin@length=\skip145
\mdf@shadowsize@length=\skip146
\mdf@extratopheight@length=\skip147
\mdf@subtitleabovelinewidth@length=\skip148
\mdf@subtitlebelowlinewidth@length=\skip149
\mdf@subtitleaboveskip@length=\skip150
\mdf@subtitlebelowskip@length=\skip151
\mdf@subtitleinneraboveskip@length=\skip152
\mdf@subtitleinnerbelowskip@length=\skip153
\mdf@subsubtitleabovelinewidth@length=\skip154
\mdf@subsubtitlebelowlinewidth@length=\skip155
\mdf@subsubtitleaboveskip@length=\skip156
\mdf@subsubtitlebelowskip@length=\skip157
\mdf@subsubtitleinneraboveskip@length=\skip158
\mdf@subsubtitleinnerbelowskip@length=\skip159

(c:/texlive/2025/texmf-dist/tex/latex/mdframed/md-frame-1.mdf
File: md-frame-1.mdf 2013/07/01\ 1.9b: md-frame-1
)
\mdf@frametitlebox=\box149
\mdf@footnotebox=\box150
\mdf@splitbox@one=\box151
\mdf@splitbox@two=\box152
\mdf@splitbox@save=\box153
\mdfsplitboxwidth=\skip160
\mdfsplitboxtotalwidth=\skip161
\mdfsplitboxheight=\skip162
\mdfsplitboxdepth=\skip163
\mdfsplitboxtotalheight=\skip164
\mdfframetitleboxwidth=\skip165
\mdfframetitleboxtotalwidth=\skip166
\mdfframetitleboxheight=\skip167
\mdfframetitleboxdepth=\skip168
\mdfframetitleboxtotalheight=\skip169
\mdffootnoteboxwidth=\skip170
\mdffootnoteboxtotalwidth=\skip171
\mdffootnoteboxheight=\skip172
\mdffootnoteboxdepth=\skip173
\mdffootnoteboxtotalheight=\skip174
\mdftotallinewidth=\skip175
\mdfboundingboxwidth=\skip176
\mdfboundingboxtotalwidth=\skip177
\mdfboundingboxheight=\skip178
\mdfboundingboxdepth=\skip179
\mdfboundingboxtotalheight=\skip180
\mdf@freevspace@length=\skip181
\mdf@horizontalwidthofbox@length=\skip182
\mdf@verticalmarginwhole@length=\skip183
\mdf@horizontalspaceofbox=\skip184
\mdfsubtitleheight=\skip185
\mdfsubsubtitleheight=\skip186
\c@mdfcountframes=\count433

****** mdframed patching \endmdf@trivlist

****** -- success******

\mdf@envdepth=\count434
\c@mdf@env@i=\count435
\c@mdf@env@ii=\count436
\c@mdf@zref@counter=\count437
Package zref Info: New property: mdf@pagevalue on input line 895.
)
(c:/texlive/2025/texmf-dist/tex/latex/amscls/amsthm.sty
Package: amsthm 2020/05/29 v2.20.6
\thm@style=\toks60
\thm@bodyfont=\toks61
\thm@headfont=\toks62
\thm@notefont=\toks63
\thm@headpunct=\toks64
\thm@preskip=\skip187
\thm@postskip=\skip188
\thm@headsep=\skip189
\dth@everypar=\toks65
)
(c:/texlive/2025/texmf-dist/tex/latex/xurl/xurl.sty
Package: xurl 2022/01/09 v 0.10 modify URL breaks
)
(c:/texlive/2025/texmf-dist/tex/latex/commath/commath.sty)
(c:/texlive/2025/texmf-dist/tex/latex/framed/framed.sty
Package: framed 2011/10/22 v 0.96: framed or shaded text with page breaks
\OuterFrameSep=\skip190
\fb@frw=\dimen368
\fb@frh=\dimen369
\FrameRule=\dimen370
\FrameSep=\dimen371
)
(c:/texlive/2025/texmf-dist/tex/latex/booktabs/booktabs.sty
Package: booktabs 2020/01/12 v1.61803398 Publication quality tables
\heavyrulewidth=\dimen372
\lightrulewidth=\dimen373
\cmidrulewidth=\dimen374
\belowrulesep=\dimen375
\belowbottomsep=\dimen376
\aboverulesep=\dimen377
\abovetopsep=\dimen378
\cmidrulesep=\dimen379
\cmidrulekern=\dimen380
\defaultaddspace=\dimen381
\@cmidla=\count438
\@cmidlb=\count439
\@aboverulesep=\dimen382
\@belowrulesep=\dimen383
\@thisruleclass=\count440
\@lastruleclass=\count441
\@thisrulewidth=\dimen384
)
(c:/texlive/2025/texmf-dist/tex/latex/bashful/bashful.sty
Package: bashful 2012/03/08{} bashful V 0.93{} by Yossi Gil{} yogi@cs.technion.
ac.il: Write and execute a bash script within LaTeX, with, or without displayin
g the script and/or its output. 
Package bashful Info: This is bashful, bashful V 0.93{} by Yossi Gil{} yogi@cs.
technion.ac.il on input line 33.
\writer@BL=\write5
\reader@BL=\read5
)
(c:/texlive/2025/texmf-dist/tex/latex/tcolorbox/tcolorbox.sty
Package: tcolorbox 2025/11/28 version 6.9.0 text color boxes

(c:/texlive/2025/texmf-dist/tex/latex/environ/environ.sty
Package: environ 2014/05/04 v0.3 A new way to define environments

(c:/texlive/2025/texmf-dist/tex/latex/trimspaces/trimspaces.sty
Package: trimspaces 2009/09/17 v1.1 Trim spaces around a token list
))
\tcb@titlebox=\box154
\tcb@upperbox=\box155
\tcb@lowerbox=\box156
\tcb@phantombox=\box157
\c@tcbbreakpart=\count442
\c@tcblayer=\count443
\c@tcolorbox@number=\count444
\l__tcobox_tmpa_box=\box158
\l__tcobox_tmpa_dim=\dimen385
\tcb@temp=\box159
\tcb@temp=\box160
\tcb@temp=\box161
\tcb@temp=\box162
)
(c:/texlive/2025/texmf-dist/tex/latex/tcolorbox/tcbminted.code.tex
Library (tcolorbox): 'tcbminted.code.tex' version '6.9.0'
(c:/texlive/2025/texmf-dist/tex/latex/tcolorbox/tcblistingscore.code.tex
Library (tcolorbox): 'tcblistingscore.code.tex' version '6.9.0'
(c:/texlive/2025/texmf-dist/tex/latex/tcolorbox/tcbprocessing.code.tex
Library (tcolorbox): 'tcbprocessing.code.tex' version '6.9.0'
)
\c@tcblisting=\count445
)) (c:/texlive/2025/texmf-dist/tex/latex/tcolorbox/tcbbreakable.code.tex
Library (tcolorbox): 'tcbbreakable.code.tex' version '6.9.0'
(c:/texlive/2025/texmf-dist/tex/latex/pdfcol/pdfcol.sty
Package: pdfcol 2022-09-21 v1.7 Handle new color stacks for pdfTeX (HO)
)
Package pdfcol Info: New color stack `tcb@breakable' = 1 on input line 23.
\tcb@testbox=\box163
\tcb@totalupperbox=\box164
\tcb@totallowerbox=\box165
)
(c:/texlive/2025/texmf-dist/tex/latex/tcolorbox/tcbxparse.code.tex
Library (tcolorbox): 'tcbxparse.code.tex' version '6.9.0'
) (c:/texlive/2025/texmf-dist/tex/latex/tcolorbox/tcbskins.code.tex
Library (tcolorbox): 'tcbskins.code.tex' version '6.9.0'
(c:/texlive/2025/texmf-dist/tex/latex/tikzfill/tikzfill.image.sty
Package: tikzfill.image 2023/08/08 v1.0.1 Image filling library for TikZ

(c:/texlive/2025/texmf-dist/tex/latex/tikzfill/tikzfill-common.sty
Package: tikzfill-common 2023/08/08 v1.0.1 Auxiliary code for tikzfill
)
(c:/texlive/2025/texmf-dist/tex/latex/tikzfill/tikzlibraryfill.image.code.tex
File: tikzlibraryfill.image.code.tex 2023/08/08 v1.0.1 Image filling library
\l__tikzfill_img_box=\box166
)) (c:/texlive/2025/texmf-dist/tex/latex/tcolorbox/tcbskinsjigsaw.code.tex
Library (tcolorbox): 'tcbskinsjigsaw.code.tex' version '6.9.0'
))
Package translations Info: No language package found. I am going to use `englis
h' as default language. on input line 205.


LaTeX Warning: Unused global option(s):
    [13pt].

(./Report.aux (./0. BÃ¬a.aux) (./0. Danh sÃ¡ch thÃ nh viÃªn.aux)
(./SourceText/chap1.aux) (./SourceText/chap2.aux) (./SourceText/chap3.aux)
(./SourceText/chap4.aux) (./SourceText/chap5.aux) (./SourceText/chap6.aux))
\openout1 = `Report.aux'.

LaTeX Font Info:    Checking defaults for OML/cmm/m/it on input line 205.
LaTeX Font Info:    ... okay on input line 205.
LaTeX Font Info:    Checking defaults for OMS/cmsy/m/n on input line 205.
LaTeX Font Info:    ... okay on input line 205.
LaTeX Font Info:    Checking defaults for OT1/cmr/m/n on input line 205.
LaTeX Font Info:    ... okay on input line 205.
LaTeX Font Info:    Checking defaults for T1/cmr/m/n on input line 205.
LaTeX Font Info:    ... okay on input line 205.
LaTeX Font Info:    Checking defaults for TS1/cmr/m/n on input line 205.
LaTeX Font Info:    ... okay on input line 205.
LaTeX Font Info:    Checking defaults for OMX/cmex/m/n on input line 205.
LaTeX Font Info:    ... okay on input line 205.
LaTeX Font Info:    Checking defaults for U/cmr/m/n on input line 205.
LaTeX Font Info:    ... okay on input line 205.
LaTeX Font Info:    Checking defaults for T5/cmr/m/n on input line 205.
LaTeX Font Info:    ... okay on input line 205.
LaTeX Font Info:    Checking defaults for PD1/pdf/m/n on input line 205.
LaTeX Font Info:    ... okay on input line 205.
LaTeX Font Info:    Checking defaults for PU/pdf/m/n on input line 205.
LaTeX Font Info:    ... okay on input line 205.
\symgns@font=\mathgroup6
LaTeX Font Info:    Overwriting symbol font `gns@font' in version `bold'
(Font)                  TS1/cmr/m/n --> TS1/cmr/b/n on input line 205.
Package gensymb Info: Math companion symbols declared on input line 205.
LaTeX Info: Redefining \degree on input line 205.
LaTeX Info: Redefining \celsius on input line 205.
Package gensymb Info: Using text companion symbols for \degree, \celsius and \p
erthousand on input line 205.
LaTeX Info: Redefining \ohm on input line 205.
Package gensymb Info: Using \textohm for \ohm on input line 205.
Package gensymb Info: Using \textmu for \micro on input line 205.

(c:/texlive/2025/texmf-dist/tex/latex/translations/translations-basic-dictionar
y-english.trsl
File: translations-basic-dictionary-english.trsl (english translation file `tra
nslations-basic-dictionary')
)
Package translations Info: loading dictionary `translations-basic-dictionary' f
or `english'. on input line 205.
 (c:/texlive/2025/texmf-dist/tex/context/base/mkii/supp-pdf.mkii
[Loading MPS to PDF converter (version 2006.09.02).]
\scratchcounter=\count446
\scratchdimen=\dimen386
\scratchbox=\box167
\nofMPsegments=\count447
\nofMParguments=\count448
\everyMPshowfont=\toks66
\MPscratchCnt=\count449
\MPscratchDim=\dimen387
\MPnumerator=\count450
\makeMPintoPDFobject=\count451
\everyMPtoPDFconversion=\toks67
) (c:/texlive/2025/texmf-dist/tex/latex/epstopdf-pkg/epstopdf-base.sty
Package: epstopdf-base 2020-01-24 v2.11 Base part for package epstopdf
Package epstopdf-base Info: Redefining graphics rule for `.eps' on input line 4
85.

(c:/texlive/2025/texmf-dist/tex/latex/latexconfig/epstopdf-sys.cfg
File: epstopdf-sys.cfg 2010/07/13 v1.3 Configuration of (r)epstopdf for TeX Liv
e
))
Package caption Info: Begin \AtBeginDocument code.
Package caption Info: hyperref package is loaded.
Package caption Info: listings package is loaded.
Package caption Info: rotating package is loaded.
Package caption Info: scrextend package is loaded.
\caption@addmargin@hsize=\dimen388
\caption@addmargin@linewidth=\dimen389
Package caption Info: End \AtBeginDocument code.
\c@lstlisting=\count452
Package hyperref Info: Link coloring ON on input line 205.

(./Report.out) (./Report.out)
\@outlinefile=\write6
\openout6 = `Report.out'.


*geometry* driver: auto-detecting
*geometry* detected driver: pdftex
*geometry* verbose mode - [ preamble ] result:
* driver: pdftex
* paper: a4paper
* layout: <same size as paper>
* layoutoffset:(h,v)=(0.0pt,0.0pt)
* modes: 
* h-part:(L,W,R)=(65.44142pt, 475.16095pt, 56.9055pt)
* v-part:(T,H,B)=(71.13188pt, 702.78308pt, 71.13188pt)
* \paperwidth=597.50787pt
* \paperheight=845.04684pt
* \textwidth=475.16095pt
* \textheight=702.78308pt
* \oddsidemargin=-6.82857pt
* \evensidemargin=-6.82857pt
* \topmargin=-38.1381pt
* \headheight=20.0pt
* \headsep=25.0pt
* \topskip=10.0pt
* \footskip=30.0pt
* \marginparwidth=57.0pt
* \marginparsep=11.0pt
* \columnsep=10.0pt
* \skip\footins=17.25pt plus 7.66585pt minus 3.83415pt
* \hoffset=0.0pt
* \voffset=0.0pt
* \mag=1000
* \@twocolumnfalse
* \@twosidefalse
* \@mparswitchfalse
* \@reversemarginfalse
* (1in=72.27pt=25.4mm, 1cm=28.453pt)

\openout2 = `"0. BÃ¬a.aux"'.

(./0. BÃ¬a.tex
<SourceImage/LogoBK.png, id=244, 437.4744pt x 430.2474pt>
File: SourceImage/LogoBK.png Graphic file (type png)
<use SourceImage/LogoBK.png>
Package pdftex.def Info: SourceImage/LogoBK.png  used on input line 19.
(pdftex.def)             Requested size: 166.30922pt x 163.56136pt.
LaTeX Font Info:    Calculating math sizes for size <11.86258> on input line 39
.
LaTeX Font Info:    Trying to load font information for U+msa on input line 39.

 (c:/texlive/2025/texmf-dist/tex/latex/amsfonts/umsa.fd
File: umsa.fd 2013/01/14 v3.01 AMS symbols A
)
LaTeX Font Info:    Trying to load font information for U+msb on input line 39.


(c:/texlive/2025/texmf-dist/tex/latex/amsfonts/umsb.fd
File: umsb.fd 2013/01/14 v3.01 AMS symbols B
)
Overfull \hbox (3.2082pt too wide) in paragraph at lines 41--41
 []|\T5/cmr/bx/n/11.86258 STT| 
 []


Overfull \hbox (1.17288pt too wide) in paragraph at lines 43--43
 []|\T5/cmr/bx/n/11.86258 2211588| 
 []

LaTeX Font Info:    Trying to load font information for T5+cmtt on input line 5
6.
(c:/texlive/2025/texmf-dist/tex/latex/vntex/t5cmtt.fd
File: t5cmtt.fd 1999/05/25 v2.5h Standard LaTeX font definitions
)
LaTeX Font Info:    Calculating math sizes for size <13> on input line 56.


LaTeX Font Warning: Font shape `OT1/cmr/m/n' in size <13> not available
(Font)              size <12> substituted on input line 56.


LaTeX Font Warning: Font shape `OT1/cmr/m/n' in size <6.5> not available
(Font)              size <6> substituted on input line 56.


LaTeX Font Warning: Font shape `OML/cmm/m/it' in size <13> not available
(Font)              size <12> substituted on input line 56.


LaTeX Font Warning: Font shape `OML/cmm/m/it' in size <6.5> not available
(Font)              size <6> substituted on input line 56.


LaTeX Font Warning: Font shape `OMS/cmsy/m/n' in size <13> not available
(Font)              size <12> substituted on input line 56.


LaTeX Font Warning: Font shape `OMS/cmsy/m/n' in size <6.5> not available
(Font)              size <6> substituted on input line 56.


LaTeX Font Warning: Font shape `TS1/cmr/m/n' in size <13> not available
(Font)              size <12> substituted on input line 56.


LaTeX Font Warning: Font shape `TS1/cmr/m/n' in size <6.5> not available
(Font)              size <6> substituted on input line 56.

[1


{c:/texlive/2025/texmf-var/fonts/map/pdftex/updmap/pdftex.map} <./SourceImage/L
ogoBK.png>]
File: SourceImage/LogoBK.png Graphic file (type png)
<use SourceImage/LogoBK.png>
Package pdftex.def Info: SourceImage/LogoBK.png  used on input line 63.
(pdftex.def)             Requested size: 24.75206pt x 24.75018pt.
LaTeX Font Info:    Font shape `T5/cmtt/bx/n' in size <13> not available
(Font)              Font shape `T5/cmtt/m/n' tried instead on input line 63.


Package fancyhdr Warning: \headheight is too small (20.0pt): 
(fancyhdr)                Make it at least 38.16585pt, for example:
(fancyhdr)                \setlength{\headheight}{38.16585pt}.
(fancyhdr)                You might also make \topmargin smaller:
(fancyhdr)                \addtolength{\topmargin}{-18.16585pt}.

[2])
\openout2 = `"0. Danh sÃ¡ch thÃ nh viÃªn.aux"'.

 (./0. Danh sÃ¡ch thÃ nh viÃªn.tex
Overfull \hbox (3.2082pt too wide) in paragraph at lines 7--7
 []|\T5/cmr/bx/n/11.86258 STT| 
 []


pdfTeX warning (ext4): destination with the same identifier (name{page.1}) has 
been already used, duplicate ignored
<to be read again> 
                   \relax 
l.23 \end{titlepage}
                     [1



]) (./Report.toc
File: SourceImage/LogoBK.png Graphic file (type png)
<use SourceImage/LogoBK.png>
Package pdftex.def Info: SourceImage/LogoBK.png  used on input line 30.
(pdftex.def)             Requested size: 24.75206pt x 24.75018pt.


Package fancyhdr Warning: \headheight is too small (20.0pt): 
(fancyhdr)                Make it at least 38.16585pt, for example:
(fancyhdr)                \setlength{\headheight}{38.16585pt}.
(fancyhdr)                You might also make \topmargin smaller:
(fancyhdr)                \addtolength{\topmargin}{-18.16585pt}.


pdfTeX warning (ext4): destination with the same identifier (name{page.1}) has 
been already used, duplicate ignored
<to be read again> 
                   \relax 
l.30 ...rFlow Lite Micro}{18}{subsubsection.2.4.3}
                                                  % [1


]
File: SourceImage/LogoBK.png Graphic file (type png)
<use SourceImage/LogoBK.png>
Package pdftex.def Info: SourceImage/LogoBK.png  used on input line 58.
(pdftex.def)             Requested size: 24.75206pt x 24.75018pt.


Package fancyhdr Warning: \headheight is too small (20.0pt): 
(fancyhdr)                Make it at least 38.16585pt, for example:
(fancyhdr)                \setlength{\headheight}{38.16585pt}.
(fancyhdr)                You might also make \topmargin smaller:
(fancyhdr)                \addtolength{\topmargin}{-18.16585pt}.


pdfTeX warning (ext4): destination with the same identifier (name{page.2}) has 
been already used, duplicate ignored
<to be read again> 
                   \relax 
l.58 ...Æ°á»›ng phÃ¡t triá»ƒn}{48}{subsection.6.2}
                                                  % [2])
\tf@toc=\write7
\openout7 = `Report.toc'.

File: SourceImage/LogoBK.png Graphic file (type png)
<use SourceImage/LogoBK.png>
Package pdftex.def Info: SourceImage/LogoBK.png  used on input line 227.
(pdftex.def)             Requested size: 24.75206pt x 24.75018pt.


Package fancyhdr Warning: \headheight is too small (20.0pt): 
(fancyhdr)                Make it at least 38.16585pt, for example:
(fancyhdr)                \setlength{\headheight}{38.16585pt}.
(fancyhdr)                You might also make \topmargin smaller:
(fancyhdr)                \addtolength{\topmargin}{-18.16585pt}.

[3] (./SourceText/toc.tex
\openout2 = `SourceText/chap1.aux'.

 (./SourceText/chap1.tex
File: SourceImage/LogoBK.png Graphic file (type png)
<use SourceImage/LogoBK.png>
Package pdftex.def Info: SourceImage/LogoBK.png  used on input line 15.
(pdftex.def)             Requested size: 24.75206pt x 24.75018pt.


Package fancyhdr Warning: \headheight is too small (20.0pt): 
(fancyhdr)                Make it at least 38.16585pt, for example:
(fancyhdr)                \setlength{\headheight}{38.16585pt}.
(fancyhdr)                You might also make \topmargin smaller:
(fancyhdr)                \addtolength{\topmargin}{-18.16585pt}.

[4

])
File: SourceImage/LogoBK.png Graphic file (type png)
<use SourceImage/LogoBK.png>
Package pdftex.def Info: SourceImage/LogoBK.png  used on input line 1.
(pdftex.def)             Requested size: 24.75206pt x 24.75018pt.


Package fancyhdr Warning: \headheight is too small (20.0pt): 
(fancyhdr)                Make it at least 38.16585pt, for example:
(fancyhdr)                \setlength{\headheight}{38.16585pt}.
(fancyhdr)                You might also make \topmargin smaller:
(fancyhdr)                \addtolength{\topmargin}{-18.16585pt}.

[5{c:/texlive/2025/texmf-dist/fonts/enc/dvips/cm-super/cm-super-ts1.enc}]
File: SourceImage/LogoBK.png Graphic file (type png)
<use SourceImage/LogoBK.png>
Package pdftex.def Info: SourceImage/LogoBK.png  used on input line 1.
(pdftex.def)             Requested size: 24.75206pt x 24.75018pt.


Package fancyhdr Warning: \headheight is too small (20.0pt): 
(fancyhdr)                Make it at least 38.16585pt, for example:
(fancyhdr)                \setlength{\headheight}{38.16585pt}.
(fancyhdr)                You might also make \topmargin smaller:
(fancyhdr)                \addtolength{\topmargin}{-18.16585pt}.

[6]
\openout2 = `SourceText/chap2.aux'.

 (./SourceText/chap2.tex
<SourceImage/yolo-uno.png, id=357, 387.849pt x 338.4645pt>
File: SourceImage/yolo-uno.png Graphic file (type png)
<use SourceImage/yolo-uno.png>
Package pdftex.def Info: SourceImage/yolo-uno.png  used on input line 12.
(pdftex.def)             Requested size: 237.58047pt x 207.33067pt.
File: SourceImage/LogoBK.png Graphic file (type png)
<use SourceImage/LogoBK.png>
Package pdftex.def Info: SourceImage/LogoBK.png  used on input line 33.
(pdftex.def)             Requested size: 24.75206pt x 24.75018pt.


Package fancyhdr Warning: \headheight is too small (20.0pt): 
(fancyhdr)                Make it at least 38.16585pt, for example:
(fancyhdr)                \setlength{\headheight}{38.16585pt}.
(fancyhdr)                You might also make \topmargin smaller:
(fancyhdr)                \addtolength{\topmargin}{-18.16585pt}.

[7



 <./SourceImage/yolo-uno.png>]
<SourceImage/DHT20 (1).png, id=365, 282.30469pt x 269.50688pt>
File: SourceImage/DHT20 (1).png Graphic file (type png)
<use SourceImage/DHT20 (1).png>
Package pdftex.def Info: SourceImage/DHT20 (1).png  used on input line 39.
(pdftex.def)             Requested size: 190.06148pt x 181.4487pt.
File: SourceImage/LogoBK.png Graphic file (type png)
<use SourceImage/LogoBK.png>
Package pdftex.def Info: SourceImage/LogoBK.png  used on input line 43.
(pdftex.def)             Requested size: 24.75206pt x 24.75018pt.


Package fancyhdr Warning: \headheight is too small (20.0pt): 
(fancyhdr)                Make it at least 38.16585pt, for example:
(fancyhdr)                \setlength{\headheight}{38.16585pt}.
(fancyhdr)                You might also make \topmargin smaller:
(fancyhdr)                \addtolength{\topmargin}{-18.16585pt}.

[8]
File: SourceImage/LogoBK.png Graphic file (type png)
<use SourceImage/LogoBK.png>
Package pdftex.def Info: SourceImage/LogoBK.png  used on input line 74.
(pdftex.def)             Requested size: 24.75206pt x 24.75018pt.


Package fancyhdr Warning: \headheight is too small (20.0pt): 
(fancyhdr)                Make it at least 38.16585pt, for example:
(fancyhdr)                \setlength{\headheight}{38.16585pt}.
(fancyhdr)                You might also make \topmargin smaller:
(fancyhdr)                \addtolength{\topmargin}{-18.16585pt}.

[9 <./SourceImage/DHT20 (1).png>]
Overfull \hbox (4.79364pt too wide) in paragraph at lines 78--85
 [][] 
 []

File: SourceImage/LogoBK.png Graphic file (type png)
<use SourceImage/LogoBK.png>
Package pdftex.def Info: SourceImage/LogoBK.png  used on input line 89.
(pdftex.def)             Requested size: 24.75206pt x 24.75018pt.

Package fancyhdr Warning: \headheight is too small (20.0pt): 
(fancyhdr)                Make it at least 38.16585pt, for example:
(fancyhdr)                \setlength{\headheight}{38.16585pt}.
(fancyhdr)                You might also make \topmargin smaller:
(fancyhdr)                \addtolength{\topmargin}{-18.16585pt}.

[10]
<SourceImage/LCD.png, id=390, 476.982pt x 207.77625pt>
File: SourceImage/LCD.png Graphic file (type png)
<use SourceImage/LCD.png>
Package pdftex.def Info: SourceImage/LCD.png  used on input line 108.
(pdftex.def)             Requested size: 427.64195pt x 186.28671pt.
File: SourceImage/LogoBK.png Graphic file (type png)
<use SourceImage/LogoBK.png>
Package pdftex.def Info: SourceImage/LogoBK.png  used on input line 124.
(pdftex.def)             Requested size: 24.75206pt x 24.75018pt.


Package fancyhdr Warning: \headheight is too small (20.0pt): 
(fancyhdr)                Make it at least 38.16585pt, for example:
(fancyhdr)                \setlength{\headheight}{38.16585pt}.
(fancyhdr)                You might also make \topmargin smaller:
(fancyhdr)                \addtolength{\topmargin}{-18.16585pt}.

[11]
File: SourceImage/LogoBK.png Graphic file (type png)
<use SourceImage/LogoBK.png>
Package pdftex.def Info: SourceImage/LogoBK.png  used on input line 141.
(pdftex.def)             Requested size: 24.75206pt x 24.75018pt.


Package fancyhdr Warning: \headheight is too small (20.0pt): 
(fancyhdr)                Make it at least 38.16585pt, for example:
(fancyhdr)                \setlength{\headheight}{38.16585pt}.
(fancyhdr)                You might also make \topmargin smaller:
(fancyhdr)                \addtolength{\topmargin}{-18.16585pt}.

[12 <./SourceImage/LCD.png>]
File: SourceImage/LogoBK.png Graphic file (type png)
<use SourceImage/LogoBK.png>
Package pdftex.def Info: SourceImage/LogoBK.png  used on input line 153.
(pdftex.def)             Requested size: 24.75206pt x 24.75018pt.


Package fancyhdr Warning: \headheight is too small (20.0pt): 
(fancyhdr)                Make it at least 38.16585pt, for example:
(fancyhdr)                \setlength{\headheight}{38.16585pt}.
(fancyhdr)                You might also make \topmargin smaller:
(fancyhdr)                \addtolength{\topmargin}{-18.16585pt}.

[13]
File: SourceImage/LogoBK.png Graphic file (type png)
<use SourceImage/LogoBK.png>
Package pdftex.def Info: SourceImage/LogoBK.png  used on input line 163.
(pdftex.def)             Requested size: 24.75206pt x 24.75018pt.


Package fancyhdr Warning: \headheight is too small (20.0pt): 
(fancyhdr)                Make it at least 38.16585pt, for example:
(fancyhdr)                \setlength{\headheight}{38.16585pt}.
(fancyhdr)                You might also make \topmargin smaller:
(fancyhdr)                \addtolength{\topmargin}{-18.16585pt}.

[14]
File: SourceImage/LogoBK.png Graphic file (type png)
<use SourceImage/LogoBK.png>
Package pdftex.def Info: SourceImage/LogoBK.png  used on input line 175.
(pdftex.def)             Requested size: 24.75206pt x 24.75018pt.


Package fancyhdr Warning: \headheight is too small (20.0pt): 
(fancyhdr)                Make it at least 38.16585pt, for example:
(fancyhdr)                \setlength{\headheight}{38.16585pt}.
(fancyhdr)                You might also make \topmargin smaller:
(fancyhdr)                \addtolength{\topmargin}{-18.16585pt}.

[15]
File: SourceImage/LogoBK.png Graphic file (type png)
<use SourceImage/LogoBK.png>
Package pdftex.def Info: SourceImage/LogoBK.png  used on input line 192.
(pdftex.def)             Requested size: 24.75206pt x 24.75018pt.


Package fancyhdr Warning: \headheight is too small (20.0pt): 
(fancyhdr)                Make it at least 38.16585pt, for example:
(fancyhdr)                \setlength{\headheight}{38.16585pt}.
(fancyhdr)                You might also make \topmargin smaller:
(fancyhdr)                \addtolength{\topmargin}{-18.16585pt}.

[16]
File: SourceImage/LogoBK.png Graphic file (type png)
<use SourceImage/LogoBK.png>
Package pdftex.def Info: SourceImage/LogoBK.png  used on input line 207.
(pdftex.def)             Requested size: 24.75206pt x 24.75018pt.


Package fancyhdr Warning: \headheight is too small (20.0pt): 
(fancyhdr)                Make it at least 38.16585pt, for example:
(fancyhdr)                \setlength{\headheight}{38.16585pt}.
(fancyhdr)                You might also make \topmargin smaller:
(fancyhdr)                \addtolength{\topmargin}{-18.16585pt}.

[17])
File: SourceImage/LogoBK.png Graphic file (type png)
<use SourceImage/LogoBK.png>
Package pdftex.def Info: SourceImage/LogoBK.png  used on input line 2.
(pdftex.def)             Requested size: 24.75206pt x 24.75018pt.


Package fancyhdr Warning: \headheight is too small (20.0pt): 
(fancyhdr)                Make it at least 38.16585pt, for example:
(fancyhdr)                \setlength{\headheight}{38.16585pt}.
(fancyhdr)                You might also make \topmargin smaller:
(fancyhdr)                \addtolength{\topmargin}{-18.16585pt}.

[18]
\openout2 = `SourceText/chap3.aux'.

 (./SourceText/chap3.tex
<SourceImage/sys_block_diagram.png, id=447, 2826.56pt x 1541.76pt>
File: SourceImage/sys_block_diagram.png Graphic file (type png)
<use SourceImage/sys_block_diagram.png>
Package pdftex.def Info: SourceImage/sys_block_diagram.png  used on input line 
12.
(pdftex.def)             Requested size: 380.1302pt x 207.32875pt.
File: SourceImage/LogoBK.png Graphic file (type png)
<use SourceImage/LogoBK.png>
Package pdftex.def Info: SourceImage/LogoBK.png  used on input line 18.
(pdftex.def)             Requested size: 24.75206pt x 24.75018pt.


Package fancyhdr Warning: \headheight is too small (20.0pt): 
(fancyhdr)                Make it at least 38.16585pt, for example:
(fancyhdr)                \setlength{\headheight}{38.16585pt}.
(fancyhdr)                You might also make \topmargin smaller:
(fancyhdr)                \addtolength{\topmargin}{-18.16585pt}.

[19



 <./SourceImage/sys_block_diagram.png>]
<SourceImage/arch_rtos.png, id=456, 6254.36626pt x 4479.73625pt>
File: SourceImage/arch_rtos.png Graphic file (type png)
<use SourceImage/arch_rtos.png>
Package pdftex.def Info: SourceImage/arch_rtos.png  used on input line 23.
(pdftex.def)             Requested size: 380.1302pt x 272.2587pt.
File: SourceImage/LogoBK.png Graphic file (type png)
<use SourceImage/LogoBK.png>
Package pdftex.def Info: SourceImage/LogoBK.png  used on input line 29.
(pdftex.def)             Requested size: 24.75206pt x 24.75018pt.


Package fancyhdr Warning: \headheight is too small (20.0pt): 
(fancyhdr)                Make it at least 38.16585pt, for example:
(fancyhdr)                \setlength{\headheight}{38.16585pt}.
(fancyhdr)                You might also make \topmargin smaller:
(fancyhdr)                \addtolength{\topmargin}{-18.16585pt}.

[20 <./SourceImage/arch_rtos.png>]
<SourceImage/sync_diagram.png, id=464, 8222.72pt x 5032.8025pt>
File: SourceImage/sync_diagram.png Graphic file (type png)
<use SourceImage/sync_diagram.png>
Package pdftex.def Info: SourceImage/sync_diagram.png  used on input line 40.
(pdftex.def)             Requested size: 380.1302pt x 232.60988pt.
File: SourceImage/LogoBK.png Graphic file (type png)
<use SourceImage/LogoBK.png>
Package pdftex.def Info: SourceImage/LogoBK.png  used on input line 44.
(pdftex.def)             Requested size: 24.75206pt x 24.75018pt.


Package fancyhdr Warning: \headheight is too small (20.0pt): 
(fancyhdr)                Make it at least 38.16585pt, for example:
(fancyhdr)                \setlength{\headheight}{38.16585pt}.
(fancyhdr)                You might also make \topmargin smaller:
(fancyhdr)                \addtolength{\topmargin}{-18.16585pt}.

[21]
File: SourceImage/LogoBK.png Graphic file (type png)
<use SourceImage/LogoBK.png>
Package pdftex.def Info: SourceImage/LogoBK.png  used on input line 50.
(pdftex.def)             Requested size: 24.75206pt x 24.75018pt.


Package fancyhdr Warning: \headheight is too small (20.0pt): 
(fancyhdr)                Make it at least 38.16585pt, for example:
(fancyhdr)                \setlength{\headheight}{38.16585pt}.
(fancyhdr)                You might also make \topmargin smaller:
(fancyhdr)                \addtolength{\topmargin}{-18.16585pt}.

[22 <./SourceImage/sync_diagram.png>]
<SourceImage/web_communication_diagram.png, id=479, 6476.195pt x 1548.78625pt>
File: SourceImage/web_communication_diagram.png Graphic file (type png)
<use SourceImage/web_communication_diagram.png>
Package pdftex.def Info: SourceImage/web_communication_diagram.png  used on inp
ut line 56.
(pdftex.def)             Requested size: 380.1302pt x 90.89076pt.
File: SourceImage/LogoBK.png Graphic file (type png)
<use SourceImage/LogoBK.png>
Package pdftex.def Info: SourceImage/LogoBK.png  used on input line 62.
(pdftex.def)             Requested size: 24.75206pt x 24.75018pt.


Package fancyhdr Warning: \headheight is too small (20.0pt): 
(fancyhdr)                Make it at least 38.16585pt, for example:
(fancyhdr)                \setlength{\headheight}{38.16585pt}.
(fancyhdr)                You might also make \topmargin smaller:
(fancyhdr)                \addtolength{\topmargin}{-18.16585pt}.

[23 <./SourceImage/web_communication_diagram.png>]
File: SourceImage/LogoBK.png Graphic file (type png)
<use SourceImage/LogoBK.png>
Package pdftex.def Info: SourceImage/LogoBK.png  used on input line 76.
(pdftex.def)             Requested size: 24.75206pt x 24.75018pt.


Package fancyhdr Warning: \headheight is too small (20.0pt): 
(fancyhdr)                Make it at least 38.16585pt, for example:
(fancyhdr)                \setlength{\headheight}{38.16585pt}.
(fancyhdr)                You might also make \topmargin smaller:
(fancyhdr)                \addtolength{\topmargin}{-18.16585pt}.

[24]
<SourceImage/tinyML_pipeline_diagram.png, id=494, 3011.25pt x 6205.1825pt>
File: SourceImage/tinyML_pipeline_diagram.png Graphic file (type png)
<use SourceImage/tinyML_pipeline_diagram.png>
Package pdftex.def Info: SourceImage/tinyML_pipeline_diagram.png  used on input
 line 80.
(pdftex.def)             Requested size: 380.1302pt x 783.31528pt.
File: SourceImage/LogoBK.png Graphic file (type png)
<use SourceImage/LogoBK.png>
Package pdftex.def Info: SourceImage/LogoBK.png  used on input line 84.
(pdftex.def)             Requested size: 24.75206pt x 24.75018pt.


Package fancyhdr Warning: \headheight is too small (20.0pt): 
(fancyhdr)                Make it at least 38.16585pt, for example:
(fancyhdr)                \setlength{\headheight}{38.16585pt}.
(fancyhdr)                You might also make \topmargin smaller:
(fancyhdr)                \addtolength{\topmargin}{-18.16585pt}.

[25]
Overfull \vbox (113.5322pt too high) has occurred while \output is active []

File: SourceImage/LogoBK.png Graphic file (type png)
<use SourceImage/LogoBK.png>
Package pdftex.def Info: SourceImage/LogoBK.png  used on input line 84.
(pdftex.def)             Requested size: 24.75206pt x 24.75018pt.


Package fancyhdr Warning: \headheight is too small (20.0pt): 
(fancyhdr)                Make it at least 38.16585pt, for example:
(fancyhdr)                \setlength{\headheight}{38.16585pt}.
(fancyhdr)                You might also make \topmargin smaller:
(fancyhdr)                \addtolength{\topmargin}{-18.16585pt}.

[26 <./SourceImage/tinyml_pipeline_diagram.png>]
<SourceImage/config_flowchart.png, id=508, 2930.95pt x 5471.44125pt>
File: SourceImage/config_flowchart.png Graphic file (type png)
<use SourceImage/config_flowchart.png>
Package pdftex.def Info: SourceImage/config_flowchart.png  used on input line 9
6.
(pdftex.def)             Requested size: 285.09946pt x 532.14845pt.
File: SourceImage/LogoBK.png Graphic file (type png)
<use SourceImage/LogoBK.png>
Package pdftex.def Info: SourceImage/LogoBK.png  used on input line 100.
(pdftex.def)             Requested size: 24.75206pt x 24.75018pt.


Package fancyhdr Warning: \headheight is too small (20.0pt): 
(fancyhdr)                Make it at least 38.16585pt, for example:
(fancyhdr)                \setlength{\headheight}{38.16585pt}.
(fancyhdr)                You might also make \topmargin smaller:
(fancyhdr)                \addtolength{\topmargin}{-18.16585pt}.

[27]
File: SourceImage/LogoBK.png Graphic file (type png)
<use SourceImage/LogoBK.png>
Package pdftex.def Info: SourceImage/LogoBK.png  used on input line 104.
(pdftex.def)             Requested size: 24.75206pt x 24.75018pt.


Package fancyhdr Warning: \headheight is too small (20.0pt): 
(fancyhdr)                Make it at least 38.16585pt, for example:
(fancyhdr)                \setlength{\headheight}{38.16585pt}.
(fancyhdr)                You might also make \topmargin smaller:
(fancyhdr)                \addtolength{\topmargin}{-18.16585pt}.

[28 <./SourceImage/config_flowchart.png>])
File: SourceImage/LogoBK.png Graphic file (type png)
<use SourceImage/LogoBK.png>
Package pdftex.def Info: SourceImage/LogoBK.png  used on input line 3.
(pdftex.def)             Requested size: 24.75206pt x 24.75018pt.


Package fancyhdr Warning: \headheight is too small (20.0pt): 
(fancyhdr)                Make it at least 38.16585pt, for example:
(fancyhdr)                \setlength{\headheight}{38.16585pt}.
(fancyhdr)                You might also make \topmargin smaller:
(fancyhdr)                \addtolength{\topmargin}{-18.16585pt}.

[29]
\openout2 = `SourceText/chap4.aux'.

 (./SourceText/chap4.tex
(c:/texlive/2025/texmf-dist/tex/latex/listings/lstlang1.sty
File: lstlang1.sty 2025/11/14 1.11b listings language file
)
(c:/texlive/2025/texmf-dist/tex/latex/listings/lstlang1.sty
File: lstlang1.sty 2025/11/14 1.11b listings language file
)
(c:/texlive/2025/texmf-dist/tex/latex/listings/lstmisc.sty
File: lstmisc.sty 2025/11/14 1.11b (Carsten Heinz)
)
<SourceImage/tos_system_data_diagram.png, id=528, 7360.49875pt x 2454.16875pt>
File: SourceImage/tos_system_data_diagram.png Graphic file (type png)
<use SourceImage/tos_system_data_diagram.png>
Package pdftex.def Info: SourceImage/tos_system_data_diagram.png  used on input
 line 27.
(pdftex.def)             Requested size: 475.16095pt x 158.40314pt.
File: SourceImage/LogoBK.png Graphic file (type png)
<use SourceImage/LogoBK.png>
Package pdftex.def Info: SourceImage/LogoBK.png  used on input line 31.
(pdftex.def)             Requested size: 24.75206pt x 24.75018pt.


Package fancyhdr Warning: \headheight is too small (20.0pt): 
(fancyhdr)                Make it at least 38.16585pt, for example:
(fancyhdr)                \setlength{\headheight}{38.16585pt}.
(fancyhdr)                You might also make \topmargin smaller:
(fancyhdr)                \addtolength{\topmargin}{-18.16585pt}.

[30



]
Overfull \hbox (31.18375pt too wide) in paragraph at lines 32--33
\T5/cmtt/m/n/13 Adafruit_NeoPixel* pixel\T5/cmr/m/n/13 ), c¡c bi¸n l÷u trú thæn
g sè ^^_o ^^_¤c thíi gian thüc (\T5/cmtt/m/n/13 temperature\T5/cmr/m/n/13 ,
 []


Overfull \hbox (29.52753pt too wide) in paragraph at lines 32--33
\T5/cmtt/m/n/13 xNeoSemaphore\T5/cmr/m/n/13 ). C¡c t¡c vö ch§p h nh phö ^^_ëc l
ªp nh÷ \T5/cmtt/m/n/13 Task_LED_Blink\T5/cmr/m/n/13 , \T5/cmtt/m/n/13 Task_NEO_
Blink\T5/cmr/m/n/13 ,
 []

File: SourceImage/LogoBK.png Graphic file (type png)
<use SourceImage/LogoBK.png>
Package pdftex.def Info: SourceImage/LogoBK.png  used on input line 45.
(pdftex.def)             Requested size: 24.75206pt x 24.75018pt.

Package fancyhdr Warning: \headheight is too small (20.0pt): 
(fancyhdr)                Make it at least 38.16585pt, for example:
(fancyhdr)                \setlength{\headheight}{38.16585pt}.
(fancyhdr)                You might also make \topmargin smaller:
(fancyhdr)                \addtolength{\topmargin}{-18.16585pt}.

[31 <./SourceImage/tos_system_data_diagram.png>]
File: SourceImage/LogoBK.png Graphic file (type png)
<use SourceImage/LogoBK.png>
Package pdftex.def Info: SourceImage/LogoBK.png  used on input line 78.
(pdftex.def)             Requested size: 24.75206pt x 24.75018pt.


Package fancyhdr Warning: \headheight is too small (20.0pt): 
(fancyhdr)                Make it at least 38.16585pt, for example:
(fancyhdr)                \setlength{\headheight}{38.16585pt}.
(fancyhdr)                You might also make \topmargin smaller:
(fancyhdr)                \addtolength{\topmargin}{-18.16585pt}.

[32]
<SourceImage/peripheral_flowchart.png, id=598, 2826.56pt x 1541.76pt>
File: SourceImage/peripheral_flowchart.png Graphic file (type png)
<use SourceImage/peripheral_flowchart.png>
Package pdftex.def Info: SourceImage/peripheral_flowchart.png  used on input li
ne 97.
(pdftex.def)             Requested size: 475.16095pt x 259.17859pt.
File: SourceImage/LogoBK.png Graphic file (type png)
<use SourceImage/LogoBK.png>
Package pdftex.def Info: SourceImage/LogoBK.png  used on input line 101.
(pdftex.def)             Requested size: 24.75206pt x 24.75018pt.


Package fancyhdr Warning: \headheight is too small (20.0pt): 
(fancyhdr)                Make it at least 38.16585pt, for example:
(fancyhdr)                \setlength{\headheight}{38.16585pt}.
(fancyhdr)                You might also make \topmargin smaller:
(fancyhdr)                \addtolength{\topmargin}{-18.16585pt}.

[33]
File: SourceImage/LogoBK.png Graphic file (type png)
<use SourceImage/LogoBK.png>
Package pdftex.def Info: SourceImage/LogoBK.png  used on input line 107.
(pdftex.def)             Requested size: 24.75206pt x 24.75018pt.


Package fancyhdr Warning: \headheight is too small (20.0pt): 
(fancyhdr)                Make it at least 38.16585pt, for example:
(fancyhdr)                \setlength{\headheight}{38.16585pt}.
(fancyhdr)                You might also make \topmargin smaller:
(fancyhdr)                \addtolength{\topmargin}{-18.16585pt}.

[34 <./SourceImage/peripheral_flowchart.png>]
File: SourceImage/LogoBK.png Graphic file (type png)
<use SourceImage/LogoBK.png>
Package pdftex.def Info: SourceImage/LogoBK.png  used on input line 132.
(pdftex.def)             Requested size: 24.75206pt x 24.75018pt.


Package fancyhdr Warning: \headheight is too small (20.0pt): 
(fancyhdr)                Make it at least 38.16585pt, for example:
(fancyhdr)                \setlength{\headheight}{38.16585pt}.
(fancyhdr)                You might also make \topmargin smaller:
(fancyhdr)                \addtolength{\topmargin}{-18.16585pt}.

[35]
<SourceImage/websocket_message_handling_flow.png, id=639, 4075.225pt x 5765.54p
t>
File: SourceImage/websocket_message_handling_flow.png Graphic file (type png)
<use SourceImage/websocket_message_handling_flow.png>
Package pdftex.def Info: SourceImage/websocket_message_handling_flow.png  used 
on input line 137.
(pdftex.def)             Requested size: 285.09946pt x 403.27715pt.
File: SourceImage/LogoBK.png Graphic file (type png)
<use SourceImage/LogoBK.png>
Package pdftex.def Info: SourceImage/LogoBK.png  used on input line 144.
(pdftex.def)             Requested size: 24.75206pt x 24.75018pt.


Package fancyhdr Warning: \headheight is too small (20.0pt): 
(fancyhdr)                Make it at least 38.16585pt, for example:
(fancyhdr)                \setlength{\headheight}{38.16585pt}.
(fancyhdr)                You might also make \topmargin smaller:
(fancyhdr)                \addtolength{\topmargin}{-18.16585pt}.

[36 <./SourceImage/websocket_message_handling_flow.png>]
File: SourceImage/LogoBK.png Graphic file (type png)
<use SourceImage/LogoBK.png>
Package pdftex.def Info: SourceImage/LogoBK.png  used on input line 164.
(pdftex.def)             Requested size: 24.75206pt x 24.75018pt.


Package fancyhdr Warning: \headheight is too small (20.0pt): 
(fancyhdr)                Make it at least 38.16585pt, for example:
(fancyhdr)                \setlength{\headheight}{38.16585pt}.
(fancyhdr)                You might also make \topmargin smaller:
(fancyhdr)                \addtolength{\topmargin}{-18.16585pt}.

[37]
<SourceImage/cloud_sequence_diagram.png, id=666, 7397.6375pt x 4677.475pt>
File: SourceImage/cloud_sequence_diagram.png Graphic file (type png)
<use SourceImage/cloud_sequence_diagram.png>
Package pdftex.def Info: SourceImage/cloud_sequence_diagram.png  used on input 
line 173.
(pdftex.def)             Requested size: 380.1302pt x 240.31097pt.
File: SourceImage/LogoBK.png Graphic file (type png)
<use SourceImage/LogoBK.png>
Package pdftex.def Info: SourceImage/LogoBK.png  used on input line 183.
(pdftex.def)             Requested size: 24.75206pt x 24.75018pt.


Package fancyhdr Warning: \headheight is too small (20.0pt): 
(fancyhdr)                Make it at least 38.16585pt, for example:
(fancyhdr)                \setlength{\headheight}{38.16585pt}.
(fancyhdr)                You might also make \topmargin smaller:
(fancyhdr)                \addtolength{\topmargin}{-18.16585pt}.

[38 <./SourceImage/cloud_sequence_diagram.png>]
File: SourceImage/LogoBK.png Graphic file (type png)
<use SourceImage/LogoBK.png>
Package pdftex.def Info: SourceImage/LogoBK.png  used on input line 204.
(pdftex.def)             Requested size: 24.75206pt x 24.75018pt.


Package fancyhdr Warning: \headheight is too small (20.0pt): 
(fancyhdr)                Make it at least 38.16585pt, for example:
(fancyhdr)                \setlength{\headheight}{38.16585pt}.
(fancyhdr)                You might also make \topmargin smaller:
(fancyhdr)                \addtolength{\topmargin}{-18.16585pt}.

[39]
<SourceImage/tinyml_startup_flowchart.png, id=698, 246.6816pt x 246.6816pt>
File: SourceImage/tinyml_startup_flowchart.png Graphic file (type png)
<use SourceImage/tinyml_startup_flowchart.png>
Package pdftex.def Info: SourceImage/tinyml_startup_flowchart.png  used on inpu
t line 220.
(pdftex.def)             Requested size: 285.09946pt x 285.12701pt.
File: SourceImage/LogoBK.png Graphic file (type png)
<use SourceImage/LogoBK.png>
Package pdftex.def Info: SourceImage/LogoBK.png  used on input line 227.
(pdftex.def)             Requested size: 24.75206pt x 24.75018pt.


Package fancyhdr Warning: \headheight is too small (20.0pt): 
(fancyhdr)                Make it at least 38.16585pt, for example:
(fancyhdr)                \setlength{\headheight}{38.16585pt}.
(fancyhdr)                You might also make \topmargin smaller:
(fancyhdr)                \addtolength{\topmargin}{-18.16585pt}.

[40 <./SourceImage/tinyml_startup_flowchart.png>]
File: SourceImage/LogoBK.png Graphic file (type png)
<use SourceImage/LogoBK.png>
Package pdftex.def Info: SourceImage/LogoBK.png  used on input line 243.
(pdftex.def)             Requested size: 24.75206pt x 24.75018pt.


Package fancyhdr Warning: \headheight is too small (20.0pt): 
(fancyhdr)                Make it at least 38.16585pt, for example:
(fancyhdr)                \setlength{\headheight}{38.16585pt}.
(fancyhdr)                You might also make \topmargin smaller:
(fancyhdr)                \addtolength{\topmargin}{-18.16585pt}.

[41])
File: SourceImage/LogoBK.png Graphic file (type png)
<use SourceImage/LogoBK.png>
Package pdftex.def Info: SourceImage/LogoBK.png  used on input line 4.
(pdftex.def)             Requested size: 24.75206pt x 24.75018pt.


Package fancyhdr Warning: \headheight is too small (20.0pt): 
(fancyhdr)                Make it at least 38.16585pt, for example:
(fancyhdr)                \setlength{\headheight}{38.16585pt}.
(fancyhdr)                You might also make \topmargin smaller:
(fancyhdr)                \addtolength{\topmargin}{-18.16585pt}.

[42]
\openout2 = `SourceText/chap5.aux'.

 (./SourceText/chap5.tex
<SourceImage/webUI1.png, id=743, 2055.68pt x 1165.35374pt>
File: SourceImage/webUI1.png Graphic file (type png)
<use SourceImage/webUI1.png>
Package pdftex.def Info: SourceImage/webUI1.png  used on input line 14.
(pdftex.def)             Requested size: 228.07521pt x 129.29178pt.
<SourceImage/webUi2.png, id=744, 2055.68pt x 1119.18124pt>
File: SourceImage/webUi2.png Graphic file (type png)
<use SourceImage/webUi2.png>
Package pdftex.def Info: SourceImage/webUi2.png  used on input line 20.
(pdftex.def)             Requested size: 228.07521pt x 124.1691pt.
File: SourceImage/LogoBK.png Graphic file (type png)
<use SourceImage/LogoBK.png>
Package pdftex.def Info: SourceImage/LogoBK.png  used on input line 32.
(pdftex.def)             Requested size: 24.75206pt x 24.75018pt.


Package fancyhdr Warning: \headheight is too small (20.0pt): 
(fancyhdr)                Make it at least 38.16585pt, for example:
(fancyhdr)                \setlength{\headheight}{38.16585pt}.
(fancyhdr)                You might also make \topmargin smaller:
(fancyhdr)                \addtolength{\topmargin}{-18.16585pt}.

[43



]
File: SourceImage/LogoBK.png Graphic file (type png)
<use SourceImage/LogoBK.png>
Package pdftex.def Info: SourceImage/LogoBK.png  used on input line 50.
(pdftex.def)             Requested size: 24.75206pt x 24.75018pt.


Package fancyhdr Warning: \headheight is too small (20.0pt): 
(fancyhdr)                Make it at least 38.16585pt, for example:
(fancyhdr)                \setlength{\headheight}{38.16585pt}.
(fancyhdr)                You might also make \topmargin smaller:
(fancyhdr)                \addtolength{\topmargin}{-18.16585pt}.

[44 <./SourceImage/webUI1.png> <./SourceImage/webUi2.png>]
<SourceImage/tinyML_KQ.png, id=757, 1213.53375pt x 1474.50874pt>
File: SourceImage/tinyML_KQ.png Graphic file (type png)
<use SourceImage/tinyML_KQ.png>
Package pdftex.def Info: SourceImage/tinyML_KQ.png  used on input line 62.
(pdftex.def)             Requested size: 380.1302pt x 461.88531pt.
)
File: SourceImage/LogoBK.png Graphic file (type png)
<use SourceImage/LogoBK.png>
Package pdftex.def Info: SourceImage/LogoBK.png  used on input line 5.
(pdftex.def)             Requested size: 24.75206pt x 24.75018pt.


Package fancyhdr Warning: \headheight is too small (20.0pt): 
(fancyhdr)                Make it at least 38.16585pt, for example:
(fancyhdr)                \setlength{\headheight}{38.16585pt}.
(fancyhdr)                You might also make \topmargin smaller:
(fancyhdr)                \addtolength{\topmargin}{-18.16585pt}.

[45]
File: SourceImage/LogoBK.png Graphic file (type png)
<use SourceImage/LogoBK.png>
Package pdftex.def Info: SourceImage/LogoBK.png  used on input line 5.
(pdftex.def)             Requested size: 24.75206pt x 24.75018pt.


Package fancyhdr Warning: \headheight is too small (20.0pt): 
(fancyhdr)                Make it at least 38.16585pt, for example:
(fancyhdr)                \setlength{\headheight}{38.16585pt}.
(fancyhdr)                You might also make \topmargin smaller:
(fancyhdr)                \addtolength{\topmargin}{-18.16585pt}.

[46 <./SourceImage/tinyML_KQ.png>]
\openout2 = `SourceText/chap6.aux'.

 (./SourceText/chap6.tex
File: SourceImage/LogoBK.png Graphic file (type png)
<use SourceImage/LogoBK.png>
Package pdftex.def Info: SourceImage/LogoBK.png  used on input line 10.
(pdftex.def)             Requested size: 24.75206pt x 24.75018pt.


Package fancyhdr Warning: \headheight is too small (20.0pt): 
(fancyhdr)                Make it at least 38.16585pt, for example:
(fancyhdr)                \setlength{\headheight}{38.16585pt}.
(fancyhdr)                You might also make \topmargin smaller:
(fancyhdr)                \addtolength{\topmargin}{-18.16585pt}.

[47



]
File: SourceImage/LogoBK.png Graphic file (type png)
<use SourceImage/LogoBK.png>
Package pdftex.def Info: SourceImage/LogoBK.png  used on input line 30.
(pdftex.def)             Requested size: 24.75206pt x 24.75018pt.


Package fancyhdr Warning: \headheight is too small (20.0pt): 
(fancyhdr)                Make it at least 38.16585pt, for example:
(fancyhdr)                \setlength{\headheight}{38.16585pt}.
(fancyhdr)                You might also make \topmargin smaller:
(fancyhdr)                \addtolength{\topmargin}{-18.16585pt}.

[48])
File: SourceImage/LogoBK.png Graphic file (type png)
<use SourceImage/LogoBK.png>
Package pdftex.def Info: SourceImage/LogoBK.png  used on input line 6.
(pdftex.def)             Requested size: 24.75206pt x 24.75018pt.


Package fancyhdr Warning: \headheight is too small (20.0pt): 
(fancyhdr)                Make it at least 38.16585pt, for example:
(fancyhdr)                \setlength{\headheight}{38.16585pt}.
(fancyhdr)                You might also make \topmargin smaller:
(fancyhdr)                \addtolength{\topmargin}{-18.16585pt}.

[49])
runsystem(latexminted cleantemp  --timestamp 20260523041807 4B1B4DC8CF38B3C64B1
D657DA8F5AC8C)...executed.

 
enddocument/afterlastpage (AED): lastpage setting LastPage.
(./Report.aux (./0. BÃ¬a.aux) (./0. Danh sÃ¡ch thÃ nh viÃªn.aux)
(./SourceText/chap1.aux) (./SourceText/chap2.aux) (./SourceText/chap3.aux)
(./SourceText/chap4.aux) (./SourceText/chap5.aux) (./SourceText/chap6.aux))
 ***********
LaTeX2e <2025-11-01>
L3 programming layer <2025-11-14>
 ***********


LaTeX Font Warning: Size substitutions with differences
(Font)              up to 1.0pt have occurred.

Package rerunfilecheck Info: File `Report.out' has not changed.
(rerunfilecheck)             Checksum: 4AE3290D9C5E1D0E274F5DBD0BB52D9B;14335.
 ) 
Here is how much of TeX's memory you used:
 45454 strings out of 467538
 960384 string characters out of 5423725
 1958010 words of memory out of 5000000
 73321 multiletter control sequences out of 15000+600000
 651642 words of font info for 91 fonts, out of 8000000 for 9000
 1141 hyphenation exceptions out of 8191
 108i,25n,131p,1680b,2719s stack positions out of 10000i,1000n,20000p,200000b,200000s
<c:/texlive/2025/texmf-dist/fonts/type1/public/amsfonts/cm/cmmi12.pfb><c:/tex
live/2025/texmf-dist/fonts/type1/public/amsfonts/cm/cmr12.pfb><c:/texlive/2025/
texmf-dist/fonts/type1/public/amsfonts/cm/cmsy10.pfb><c:/texlive/2025/texmf-dis
t/fonts/type1/public/amsfonts/cm/cmsy9.pfb><c:/texlive/2025/texmf-dist/fonts/ty
pe1/public/cm-super/sfrm1200.pfb><c:/texlive/2025/texmf-dist/fonts/type1/vntex/
vnr/vnbx12.pfb><c:/texlive/2025/texmf-dist/fonts/type1/vntex/vnr/vnr12.pfb><c:/
texlive/2025/texmf-dist/fonts/type1/vntex/vnr/vnr7.pfb><c:/texlive/2025/texmf-d
ist/fonts/type1/vntex/vnr/vnti12.pfb><c:/texlive/2025/texmf-dist/fonts/type1/vn
tex/vnr/vntt10.pfb><c:/texlive/2025/texmf-dist/fonts/type1/vntex/vnr/vntt12.pfb
>
Output written on Report.pdf (52 pages, 15022722 bytes).
PDF statistics:
 896 PDF objects out of 1000 (max. 8388607)
 779 compressed objects within 8 object streams
 262 named destinations out of 1000 (max. 500000)
 575 words of extra memory for PDF output out of 10000 (max. 10000000)

